cid,iupac_name,smiles_canonical,molecular_formula,hydrogen_bond_acceptors,hydrogen_bond_donors,rotatable_bonds,log_p,molecular_weight,heavy_atom_count,polar_surface_area,atom_surface_coefficient,no_lipinski_violations,cosine_similarity,tanimoto_similarity,combined_25,combined_50,combined_75,combined_geometric,combined_harmonic
90031122,N-[3-(1H-benzimidazol-2-yl)-4-chloro-phenyl]-2-methyl-4-[4-(trifluoromethyl)phenyl]benzamide,CC1=C(C=CC(=C1)C2=CC=C(C=C2)C(F)(F)F)C(=O)NC3=CC(=C(C=C3)Cl)C4=NC5=CC=CC=C5N4,C28H19ClF3N3O,2,2,4,8.129820000000002,505.11687456800007,36,57.78,0.6230529595015576,2,0.9691548236578064,0.4852941176470588,0.6062592941497457,0.7272244706524326,0.8481896471551195,0.685802548121838,0.6467399736816499
161188723,"7-[1-(2,6-diisopropyl-4-phenyl-phenyl)-3-methyl-benzimidazol-3-ium-2-yl]-2-(2,6-dimethyl-4-phenyl-phenyl)-6-methyl-1,3-benzoxazole",CC1=C(C2=C(C=C1)N=C(O2)C3=C(C=C(C=C3C)C4=CC=CC=C4)C)C5=[N+](C6=CC=CC=C6N5C7=C(C=C(C=C7C(C)C)C8=CC=CC=C8)C(C)C)C,C48H46N3O+,3,0,7,12.43625999999998,680.3635395120901,52,34.84,1.4925373134328357,2,0.5153617725488139,0.16279069767441862,0.25093346639301745,0.3390762351116162,0.4272190038302151,0.2896482392626381,0.24742548672079523
1216064,N-[3-(1H-benzimidazol-2-yl)phenyl]-4-nitro-benzamide,C1=CC=C2C(=C1)NC(=N2)C3=CC(=CC=C3)NC(=O)C4=CC=C(C=C4)[N+](=O)[O-],C20H14N4O3,4,2,4,4.390400000000002,358.10659030799997,27,100.92,0.267538644470868,0,0.9109446192935912,0.7647058823529411,0.8012655665881037,0.8378252508232662,0.8743849350584286,0.8346284855380685,0.8314439176750403
157228756,"7-[1-(4-tert-butylphenyl)-3-methyl-benzimidazol-3-ium-2-yl]-2-(2,6-dimethyl-4-phenyl-phenyl)-6-methyl-1,3-benzoxazole",CC1=C(C2=C(C=C1)N=C(O2)C3=C(C=C(C=C3C)C4=CC=CC=C4)C)C5=[N+](C6=CC=CC=C6N5C7=CC=C(C=C7)C(C)(C)C)C,C40H38N3O+,3,0,4,9.819959999999996,576.3009392560901,44,34.84,1.2629161882893225,2,0.503606421178699,0.1744186046511628,0.25671555878304686,0.3390125129149309,0.421309467046815,0.2963753182627637,0.2591005521303455
18587180,N-[3-(1H-benzimidazol-2-yl)phenyl]-4-isopropylsulfonyl-benzamide,CC(C)S(=O)(=O)C1=CC=C(C=C1)C(=O)NC2=CC=CC(=C2)C3=NC4=CC=CC=C4N3,C23H21N3O3S,4,2,5,4.664300000000003,419.1303625320001,30,91.92,0.3263707571801567,0,0.9202190773175984,0.7222222222222222,0.7717214359960662,0.8212206497699104,0.8707198635437544,0.8152316645908688,0.8092863557897714
160208418,"7-[1-(2,6-diisopropylphenyl)-3-methyl-benzimidazol-3-ium-2-yl]-2-(2,6-dimethyl-4-phenyl-phenyl)-6-methyl-1,3-benzoxazole",CC1=C(C2=C(C=C1)N=C(O2)C3=C(C=C(C=C3C)C4=CC=CC=C4)C)C5=[N+](C6=CC=CC=C6N5C7=C(C=CC=C7C(C)C)C(C)C)C,C42H42N3O+,3,0,6,10.76925999999999,604.3322393840901,46,34.84,1.3203214695752008,2,0.5178557985430661,0.1744186046511628,0.2602779031241386,0.3461372015971144,0.4319965000700903,0.3005389921331261,0.2609476397672137
90031494,3-[3-(1H-benzimidazol-2-yl)-4-chloro-phenyl]-7-[4-(trifluoromethyl)phenyl]quinazolin-4-one,C1=CC=C2C(=C1)NC(=N2)C3=C(C=CC(=C3)N4C=NC5=C(C4=O)C=CC(=C5)C6=CC=C(C=C6)C(F)(F)F)Cl,C28H16ClF3N4O,4,1,3,7.268200000000004,516.096473472,37,63.57,0.5820355513607047,2,0.8061781075297599,0.3116883116883117,0.43531076064867374,0.5589332096090358,0.6825556585693979,0.5012746684763046,0.44956407838387796
1352608,N-[3-(1H-benzimidazol-2-yl)-4-chloro-phenyl]-3-chloro-4-ethoxy-benzamide,CCOC1=C(C=C(C=C1)C(=O)NC2=CC(=C(C=C2)Cl)C3=NC4=CC=CC=C4N3)Cl,C22H17Cl2N3O2,3,2,5,6.187700000000003,425.069782144,29,67.00999999999999,0.4327712281748993,1,0.9732631442960941,0.4696969696969697,0.5955885133467508,0.7214800569965318,0.847371600646313,0.6761203662023648,0.6336124542328374
90031951,N-[3-(1H-benzimidazol-2-yl)-4-methoxy-phenyl]-2-methyl-4-[4-(trifluoromethyl)phenyl]benzamide,CC1=C(C=CC(=C1)C2=CC=C(C=C2)C(F)(F)F)C(=O)NC3=CC(=C(C=C3)OC)C4=NC5=CC=CC=C5N4,C29H22F3N3O2,3,2,5,7.485020000000003,501.166411604,37,67.00999999999999,0.552156394567975,2,0.961247473754192,0.4714285714285714,0.5938832970099766,0.7163380225913817,0.8387927481727868,0.673171243697517,0.6326057099439439
90031592,N-[3-(1H-benzimidazol-2-yl)-4-chloro-phenyl]-2-nitro-4-[4-(trifluoromethyl)phenyl]benzamide,C1=CC=C2C(=C1)NC(=N2)C3=C(C=CC(=C3)NC(=O)C4=C(C=C(C=C4)C5=CC=C(C=C5)C(F)(F)F)[N+](=O)[O-])Cl,C27H16ClF3N4O3,4,2,5,7.729600000000005,536.0863027119999,38,100.92,0.3765358699960364,2,0.9276162258024081,0.4383561643835616,0.5606711797382733,0.6829861950929849,0.8053012104476964,0.6376725576365189,0.5953653143858046
71778520,"N-(3-imidazo[2,1-b]thiazol-6-ylphenyl)-6-pyrrolidin-1-yl-pyridazine-3-carboxamide",C1CCN(C1)C2=NN=C(C=C2)C(=O)NC3=CC=CC(=C3)C4=CN5C=CSC5=N4,C20H18N6OS,7,1,4,3.705300000000002,390.126280196,28,75.42,0.3712543092018032,0,0.642330062679188,0.27631578947368424,0.36781935777506014,0.4593229260764361,0.5508264943778121,0.4212908002459595,0.38640774996357447
696900,"N-[3-(1,3-benzoxazol-2-yl)phenyl]-4-methyl-benzamide",CC1=CC=C(C=C1)C(=O)NC2=CC=CC(=C2)C3=NC4=CC=CC=C4O3,C21H16N2O2,3,1,3,5.055520000000003,328.12117775199994,25,55.13,0.4534736078360239,1,0.9362806666842104,0.4827586206896552,0.596139132188294,0.7095196436869328,0.8229001551855716,0.6723076403156967,0.6370472857919898
72950223,N-[3-(1H-benzimidazol-2-yl)-2-chloro-phenyl]-2-methyl-4-[4-(trifluoromethyl)phenyl]benzamide,CC1=C(C=CC(=C1)C2=CC=C(C=C2)C(F)(F)F)C(=O)NC3=CC=CC(=C3Cl)C4=NC5=CC=CC=C5N4,C28H19ClF3N3O,2,2,4,8.129820000000002,505.11687456800007,36,57.78,0.6230529595015576,2,0.9691548236578064,0.44285714285714284,0.5744315630573087,0.7060059832574745,0.8375804034576404,0.6551313884949448,0.6079228028791216
135402427,"4-[3-oxo-3-[3-(6-oxo-1,7-dihydropurin-8-yl)anilino]propyl]benzenesulfonyl fluoride",C1=CC(=CC(=C1)NC(=O)CCC2=CC=C(C=C2)S(=O)(=O)F)C3=NC4=C(N3)C(=O)NC=N4,C20H16FN5O4S,6,3,6,2.5427,441.0907032120001,31,137.66999999999996,0.2251761458560326,0,0.8122880764416687,0.3466666666666667,0.4630720191104172,0.5794773715541677,0.6958827239979182,0.5306535591448641,0.4859433925398576
16824841,"N-[3-(6-methoxyimidazo[1,2-b]pyridazin-2-yl)phenyl]-4-(trifluoromethyl)benzamide",COC1=NN2C=C(N=C2C=C1)C3=CC(=CC=C3)NC(=O)C4=CC=C(C=C4)C(F)(F)F,C21H15F3N4O2,5,1,4,4.676000000000002,412.11471038,30,68.52000000000001,0.4378283712784588,0,0.8217425607170075,0.352112676056338,0.46952014722150537,0.5869276183866727,0.7043350895518401,0.5379088882733333,0.4929840801814676
4038319,"N-[3-(1,3-benzoxazol-2-yl)phenyl]-4-phenyl-benzamide",C1=CC=C(C=C1)C2=CC=C(C=C2)C(=O)NC3=CC=CC(=C3)C4=NC5=CC=CC=C5O4,C26H18N2O2,3,1,4,6.414100000000005,390.136827816,30,55.13,0.5441683294032287,1,0.9233661788159037,0.5849056603773585,0.6695207899869947,0.7541359195966311,0.8387510492062674,0.7349027858094118,0.7161601649730608
118207647,2-[2-chloro-5-[methyl-[2-methyl-4-[4-(trifluoromethyl)phenyl]benzoyl]amino]phenyl]benzimidazole-1-carboxylic acid,CC1=C(C=CC(=C1)C2=CC=C(C=C2)C(F)(F)F)C(=O)N(C)C3=CC(=C(C=C3)Cl)C4=NC5=CC=CC=C5N4C(=O)O,C30H21ClF3N3O3,4,1,4,8.153620000000004,563.1223538720001,40,75.43,0.5302929868752485,2,0.800521826580745,0.2235294117647059,0.3677775154687157,0.5120256191727255,0.6562737228767352,0.4230132066501019,0.34947503855278494
2945774,"N-[3-(1,3-benzoxazol-2-yl)-2-methyl-phenyl]-3-nitro-4-pyrrolidin-1-yl-benzamide",CC1=C(C=CC=C1NC(=O)C2=CC(=C(C=C2)N3CCCC3)[N+](=O)[O-])C4=NC5=CC=CC=C5O4,C25H22N4O4,6,1,5,5.563920000000005,442.16410518399994,33,101.51,0.3250911240271894,1,0.7310965244188785,0.23809523809523808,0.3613455596761482,0.4845958812570583,0.6078462028379684,0.41721769024349137,0.3592077600836574
9865842,N-[4-methoxy-3-(4-methylpiperazin-1-yl)phenyl]-4-(4-pyridyl)benzamide,CN1CCN(CC1)C2=C(C=CC(=C2)NC(=O)C3=CC=C(C=C3)C4=CC=NC=C4)OC,C24H26N4O2,5,1,5,3.761300000000002,402.205576072,30,57.7,0.5199306759098786,0,0.755659481231243,0.30434782608695654,0.41717573987302814,0.5300036536590997,0.6428315674451714,0.47956576230453124,0.43392780179332924
1334466,"N-[3-(1,3-benzoxazol-2-yl)phenyl]-3-chloro-4-methyl-benzamide",CC1=C(C=C(C=C1)C(=O)NC2=CC=CC(=C2)C3=NC4=CC=CC=C4O3)Cl,C21H15ClN2O2,3,1,3,5.708920000000003,362.0822054,26,55.13,0.4716125521494649,1,0.9250765524091767,0.421875,0.5476753881022942,0.6734757762045884,0.7992761643068825,0.6247132706671289,0.5794813775589551
90031431,N-[3-(1H-benzimidazol-2-yl)-4-chloro-phenyl]-4-(3-fluorophenyl)-2-methyl-benzamide,CC1=C(C=CC(=C1)C2=CC(=CC=C2)F)C(=O)NC3=CC(=C(C=C3)Cl)C4=NC5=CC=CC=C5N4,C27H19ClFN3O,2,2,4,7.2501200000000035,455.12006812800007,33,57.78,0.5711318795430945,1,0.989054343424841,0.4925373134328358,0.6166665709308371,0.7407958284288384,0.8649250859268397,0.6979585726599742,0.6575984238231226
23854450,"N-[5-(1,3-benzoxazol-2-yl)-2-methoxy-phenyl]-4-phenyl-benzamide",COC1=C(C=C(C=C1)C2=NC3=CC=CC=C3O2)NC(=O)C4=CC=C(C=C4)C5=CC=CC=C5,C27H20N2O3,4,1,5,6.422700000000004,420.1473925,32,64.36000000000001,0.4972032318210067,1,0.8471388997815164,0.38461538461538464,0.5002462634069176,0.6158771421984505,0.7315080209899835,0.5708087716233184,0.5290383932728157
4605560,"N-[3-(1,3-benzothiazol-2-yl)phenyl]-4-phenyl-benzamide",C1=CC=C(C=C1)C2=CC=C(C=C2)C(=O)NC3=CC=CC(=C3)C4=NC5=CC=CC=C5S4,C26H18N2OS,3,1,4,6.8826000000000045,406.113984196,30,41.99,0.7144558228149559,1,0.9031062490020313,0.5849056603773585,0.6644558075335266,0.7440059546896949,0.8235561018458631,0.7267956775899622,0.7099835070322303
72949348,"3-[3-(1H-benzimidazol-2-yl)-4-chloro-phenyl]-7-[4-(trifluoromethyl)phenyl]-1H-quinazoline-2,4-dione",C1=CC=C2C(=C1)NC(=N2)C3=C(C=CC(=C3)N4C(=O)C5=C(C=C(C=C5)C6=CC=C(C=C6)C(F)(F)F)NC4=O)Cl,C28H16ClF3N4O2,4,2,3,6.561500000000004,532.091388092,38,83.53999999999999,0.4548719176442423,2,0.9187462542570123,0.3157894736842105,0.46652866882741095,0.6172678639706114,0.7680070591138118,0.5386375368289531,0.47002349063643317
152901365,1-[2-[4-[4-methyl-6-(1-methylbenzimidazol-2-yl)-2-propyl-benzimidazole-1-carbonyl]phenyl]phenyl]-4H-triazol-5-one,CCCC1=NC2=C(N1C(=O)C3=CC=C(C=C3)C4=CC=CC=C4N5C(=O)CN=N5)C=C(C=C2C)C6=NC7=CC=CC=C7N6C,C34H29N7O2,8,0,6,6.920220000000007,567.2382731680001,43,97.74,0.4399427051360752,2,0.419534058781123,0.20430107526881722,0.25810932114689367,0.3119175670249701,0.36572581290304657,0.29276485328822277,0.27478817605041495
90031498,N-[3-(1H-benzimidazol-2-yl)-5-chloro-phenyl]-2-methyl-4-[4-(trifluoromethyl)phenyl]benzamide,CC1=C(C=CC(=C1)C2=CC=C(C=C2)C(F)(F)F)C(=O)NC3=CC(=CC(=C3)C4=NC5=CC=CC=C5N4)Cl,C28H19ClF3N3O,2,2,4,8.129820000000002,505.11687456800007,36,57.78,0.6230529595015576,2,0.9691548236578064,0.5151515151515151,0.628652342278088,0.7421531694046608,0.8556539965312335,0.7065844435194696,0.6727203984377177
4138824,"4-(2,5-dioxopyrrolidin-1-yl)-N-(4-tetralin-6-ylthiazol-2-yl)benzamide",C1CCC2=C(C1)C=CC(=C2)C3=CSC(=N3)NC(=O)C4=CC=C(C=C4)N5C(=O)CCC5=O,C24H21N3O3S,5,1,4,4.594600000000004,431.130362532,31,79.37,0.3905757843013733,0,0.8033644617402802,0.24324324324324326,0.3832735478675025,0.5233038524917617,0.6633341571160211,0.442055400577878,0.3734216292304948
72948803,N-[3-(1H-benzimidazol-2-yl)-4-chloro-phenyl]-2-methyl-4-phenyl-benzamide,CC1=C(C=CC(=C1)C2=CC=CC=C2)C(=O)NC3=CC(=C(C=C3)Cl)C4=NC5=CC=CC=C5N4,C27H20ClN3O,2,2,4,7.1110200000000034,437.12948994,32,57.78,0.5538248528902734,1,0.9927824374570962,0.5573770491803278,0.6662283962495199,0.775079743318712,0.8839310903879041,0.7438777758932509,0.7139318892512341
72948986,N-[3-(1H-benzimidazol-2-yl)-4-chloro-phenyl]-4-(4-methoxyphenyl)-2-methyl-benzamide,CC1=C(C=CC(=C1)C2=CC=C(C=C2)OC)C(=O)NC3=CC(=C(C=C3)Cl)C4=NC5=CC=CC=C5N4,C28H22ClN3O2,3,2,5,7.119620000000004,467.1400546240001,34,67.00999999999999,0.5073869571705716,1,0.9700775013870695,0.47058823529411764,0.5954605518173556,0.7203328683405936,0.8452051848638316,0.6756530614718386,0.6337445916190217
2899335,N-[3-(1H-benzimidazol-2-yl)-2-methyl-phenyl]-4-phenyl-benzamide,CC1=C(C=CC=C1NC(=O)C2=CC=C(C=C2)C3=CC=CC=C3)C4=NC5=CC=CC=C5N4,C27H21N3O,2,2,4,6.457620000000005,403.1684622920001,31,57.78,0.5365178262374524,1,0.9991258360679386,0.6296296296296297,0.7220036812392069,0.8143777328487841,0.9067517844583614,0.7931451507239077,0.7724661477619986
1103609,"N-[3-(1,3-benzoxazol-2-yl)phenyl]-4-bromo-benzamide",C1=CC=C2C(=C1)N=C(O2)C3=CC(=CC=C3)NC(=O)C4=CC=C(C=C4)Br,C20H13BrN2O2,3,1,3,5.509600000000003,392.01603975600005,25,55.13,0.4534736078360239,1,0.9248617252046478,0.4827586206896552,0.5932843968184034,0.7038101729471515,0.8143359490758997,0.6681953088644447,0.6343826616185853
48370447,"4-cyano-N-[3-(5-methyl-1,2,4-oxadiazol-3-yl)phenyl]benzamide",CC1=NC(=NO1)C2=CC(=CC=C2)NC(=O)C3=CC=C(C=C3)C#N,C17H12N4O2,5,1,3,3.169000000000002,304.096025624,23,91.81,0.2505173728352031,0,0.6617948377348455,0.4032258064516129,0.467868064272421,0.5325103220932292,0.5971525799140374,0.5165779294077006,0.501122224452258
696903,"N-[3-(1,3-benzoxazol-2-yl)phenyl]-4-methoxy-benzamide",COC1=CC=C(C=C1)C(=O)NC2=CC=CC(=C2)C3=NC4=CC=CC=C4O3,C21H16N2O3,4,1,4,4.755700000000004,344.11609237199997,26,64.36,0.403977625854568,0,0.8941915703609682,0.45901639344262296,0.5678101876722093,0.6766039819017956,0.7853977761313818,0.6406626176654036,0.6066304672346148
90032004,"N-[3-(1H-benzimidazol-2-yl)-4-chloro-phenyl]-N,2-dimethyl-4-[4-(trifluoromethyl)phenyl]benzamide",CC1=C(C=CC(=C1)C2=CC=C(C=C2)C(F)(F)F)C(=O)N(C)C3=CC(=C(C=C3)Cl)C4=NC5=CC=CC=C5N4,C29H21ClF3N3O,2,1,4,8.154120000000004,519.132524632,37,48.99,0.7552561747295367,2,0.8422531290726655,0.36,0.48056328226816636,0.6011265645363327,0.7216898468044991,0.5506460991109985,0.5044048031715843
4259062,"N-[3-(1,3-benzoxazol-2-yl)phenyl]-1,3-benzothiazole-2-carboxamide",C1=CC=C2C(=C1)N=C(O2)C3=CC(=CC=C3)NC(=O)C4=NC5=CC=CC=C5S4,C21H13N3O2S,5,1,3,5.356800000000003,371.072847656,27,68.02000000000001,0.3969420758600411,1,0.8068098396738123,0.38095238095238093,0.48741674563273873,0.5938811103130965,0.7003454749934545,0.5543970863916472,0.5175381470501867
160296470,"2-tert-butyl-7-(1,3-dimethylbenzimidazol-3-ium-2-yl)-6-methyl-1,3-benzoxazole;2-cyclohexyl-7-(1,3-dimethylbenzimidazol-3-ium-2-yl)-6-methyl-1,3-benzoxazole;2-cyclopentyl-7-(1,3-dimethylbenzimidazol-3-ium-2-yl)-6-methyl-1,3-benzoxazole;7-(1,3-dimethylbenzimidazol-3-ium-2-yl)-2,6-dimethyl-1,3-benzoxazole;7-(1,3-dimethylbenzimidazol-3-ium-2-yl)-2-(2,6-dimethylphenyl)-6-methyl-1,3-benzoxazole;7-(1,3-dimethylbenzimidazol-3-ium-2-yl)-2-(2,6-dimethyl-4-phenyl-phenyl)-6-methyl-1,3-benzoxazole;7-(1,3-dimethylbenzimidazol-3-ium-2-yl)-2-isobutyl-6-methyl-1,3-benzoxazole;7-(1,3-dimethylbenzimidazol-3-ium-2-yl)-2-isopropyl-6-methyl-1,3-benzoxazole;7-(1,3-dimethylbenzimidazol-3-ium-2-yl)-6-methyl-2-phenyl-1,3-benzoxazole",CC1=C(C(=CC=C1)C)C2=NC3=C(O2)C(=C(C=C3)C)C4=[N+](C5=CC=CC=C5N4C)C.CC1=C(C2=C(C=C1)N=C(O2)C)C3=[N+](C4=CC=CC=C4N3C)C.CC1=C(C2=C(C=C1)N=C(O2)CC(C)C)C3=[N+](C4=CC=CC=C4N3C)C.CC1=C(C2=C(C=C1)N=C(O2)C3CCCCC3)C4=[N+](C5=CC=CC=C5N4C)C.CC1=C(C2=C(C=C1)N=C(O2)C3CCCC3)C4=[N+](C5=CC=CC=C5N4C)C.CC1=C(C2=C(C=C1)N=C(O2)C3=CC=CC=C3)C4=[N+](C5=CC=CC=C5N4C)C.CC1=C(C2=C(C=C1)N=C(O2)C3=C(C=C(C=C3C)C4=CC=CC=C4)C)C5=[N+](C6=CC=CC=C6N5C)C.CC1=C(C2=C(C=C1)N=C(O2)C(C)C)C3=[N+](C4=CC=CC=C4N3C)C.CC1=C(C2=C(C=C1)N=C(O2)C(C)(C)C)C3=[N+](C4=CC=CC=C4N3C)C,C204H210N27O9+9,27,0,18,43.60957999999991,3181.675549080811,240,313.5599999999999,0.7654037504783776,3,0.469861683158816,0.12195121951219512,0.20892883542385032,0.2959064513355055,0.38288406724716073,0.23937461282113906,0.19364297400296268
90031493,N-[3-(1H-benzimidazol-2-yl)-4-chloro-phenyl]-2-hydroxy-4-[4-(trifluoromethyl)phenyl]benzamide,C1=CC=C2C(=C1)NC(=N2)C3=C(C=CC(=C3)NC(=O)C4=C(C=C(C=C4)C5=CC=C(C=C5)C(F)(F)F)O)Cl,C27H17ClF3N3O2,3,3,4,7.527000000000005,507.096139124,36,78.01,0.4614792975259582,2,0.989385235789682,0.47058823529411764,0.6002874854180087,0.7299867355418999,0.8596859856657909,0.6823437932130114,0.637810290882466
8082287,"3,4-dichloro-N-[3-(6-methyl-1,3-benzoxazol-2-yl)phenyl]benzamide",CC1=CC2=C(C=C1)N=C(O2)C3=CC(=CC=C3)NC(=O)C4=CC(=C(C=C4)Cl)Cl,C21H14Cl2N2O2,3,1,3,6.362320000000003,396.043233048,27,55.13,0.4897514964629058,1,0.9022871002205932,0.373134328358209,0.505422521323805,0.6377107142894011,0.7699989072549972,0.5802364096875402,0.5279420332497347
161188714,"2-tert-butyl-7-[1-(2,6-diisopropyl-4-phenyl-phenyl)-3-methyl-benzimidazol-3-ium-2-yl]-6-methyl-1,3-benzoxazole;2-cyclohexyl-7-[1-(2,6-diisopropyl-4-phenyl-phenyl)-3-methyl-benzimidazol-3-ium-2-yl]-6-methyl-1,3-benzoxazole;2-cyclopentyl-7-[1-(2,6-diisopropyl-4-phenyl-phenyl)-3-methyl-benzimidazol-3-ium-2-yl]-6-methyl-1,3-benzoxazole;7-[1-(2,6-diisopropyl-4-phenyl-phenyl)-3-methyl-benzimidazol-3-ium-2-yl]-2,6-dimethyl-1,3-benzoxazole;7-[1-(2,6-diisopropyl-4-phenyl-phenyl)-3-methyl-benzimidazol-3-ium-2-yl]-2-(2,6-dimethylphenyl)-6-methyl-1,3-benzoxazole;7-[1-(2,6-diisopropyl-4-phenyl-phenyl)-3-methyl-benzimidazol-3-ium-2-yl]-2-(2,6-dimethyl-4-phenyl-phenyl)-6-methyl-1,3-benzoxazole;7-[1-(2,6-diisopropyl-4-phenyl-phenyl)-3-methyl-benzimidazol-3-ium-2-yl]-2-isobutyl-6-methyl-1,3-benzoxazole;7-[1-(2,6-diisopropyl-4-phenyl-phenyl)-3-methyl-benzimidazol-3-ium-2-yl]-2-isopropyl-6-methyl-1,3-benzoxazole;7-[1-(2,6-diisopropyl-4-phenyl-phenyl)-3-methyl-benzimidazol-3-ium-2-yl]-6-methyl-2-phenyl-1,3-benzoxazole",CC1=C(C(=CC=C1)C)C2=NC3=C(O2)C(=C(C=C3)C)C4=[N+](C5=CC=CC=C5N4C6=C(C=C(C=C6C(C)C)C7=CC=CC=C7)C(C)C)C.CC1=C(C2=C(C=C1)N=C(O2)C)C3=[N+](C4=CC=CC=C4N3C5=C(C=C(C=C5C(C)C)C6=CC=CC=C6)C(C)C)C.CC1=C(C2=C(C=C1)N=C(O2)CC(C)C)C3=[N+](C4=CC=CC=C4N3C5=C(C=C(C=C5C(C)C)C6=CC=CC=C6)C(C)C)C.CC1=C(C2=C(C=C1)N=C(O2)C3CCCCC3)C4=[N+](C5=CC=CC=C5N4C6=C(C=C(C=C6C(C)C)C7=CC=CC=C7)C(C)C)C.CC1=C(C2=C(C=C1)N=C(O2)C3CCCC3)C4=[N+](C5=CC=CC=C5N4C6=C(C=C(C=C6C(C)C)C7=CC=CC=C7)C(C)C)C.CC1=C(C2=C(C=C1)N=C(O2)C3=CC=CC=C3)C4=[N+](C5=CC=CC=C5N4C6=C(C=C(C=C6C(C)C)C7=CC=CC=C7)C(C)C)C.CC1=C(C2=C(C=C1)N=C(O2)C3=C(C=C(C=C3C)C4=CC=CC=C4)C)C5=[N+](C6=CC=CC=C6N5C7=C(C=C(C=C7C(C)C)C8=CC=CC=C8)C(C)C)C.CC1=C(C2=C(C=C1)N=C(O2)C(C)C)C3=[N+](C4=CC=CC=C4N3C5=C(C=C(C=C5C(C)C)C6=CC=CC=C6)C(C)C)C.CC1=C(C2=C(C=C1)N=C(O2)C(C)(C)C)C3=[N+](C4=CC=CC=C4N3C5=C(C=C(C=C5C(C)C)C6=CC=CC=C6)C(C)C)C,C357H372N27O9+9,27,0,54,91.90358000000064,5180.943204264813,393,313.5599999999999,1.2533486414083437,3,0.4968162786415833,0.1171875,0.21209469466039582,0.30700188932079164,0.40190908398118746,0.24128957220176453,0.18964266891685075
1363366,N-[3-(1H-benzimidazol-2-yl)phenyl]-3-chloro-4-ethoxy-benzamide,CCOC1=C(C=C(C=C1)C(=O)NC2=CC=CC(=C2)C3=NC4=CC=CC=C4N3)Cl,C22H18ClN3O2,3,2,5,5.5343000000000035,391.108754496,28,67.00999999999999,0.4178480823757649,1,0.9677899728300361,0.6440677966101694,0.7249983406651361,0.8059288847201027,0.8868594287750695,0.7895076664491973,0.7734210390021391
72949169,N-[3-(1H-benzimidazol-2-yl)-4-chloro-phenyl]-2-methoxy-4-[4-(trifluoromethyl)phenyl]benzamide,COC1=C(C=CC(=C1)C2=CC=C(C=C2)C(F)(F)F)C(=O)NC3=CC(=C(C=C3)Cl)C4=NC5=CC=CC=C5N4,C28H19ClF3N3O2,3,2,5,7.830000000000004,521.1117891880001,37,67.00999999999999,0.552156394567975,2,0.9566202429055566,0.4444444444444444,0.5724883940597225,0.7005323436750005,0.8285762932902785,0.652046434237984,0.6069163775822992
161580586,"7-(1-cyclohexyl-3-methyl-benzimidazol-3-ium-2-yl)-2-(2,6-dimethyl-4-phenyl-phenyl)-6-methyl-1,3-benzoxazole",CC1=C(C2=C(C=C1)N=C(O2)C3=C(C=C(C=C3C)C4=CC=CC=C4)C)C5=[N+](C6=CC=CC=C6N5C7CCCCC7)C,C36H36N3O+,3,0,4,9.03846,526.2852891920901,40,34.84,1.148105625717566,2,0.5090716624580216,0.16279069767441862,0.24936093887031935,0.33593118006622014,0.42250142126212087,0.2878752005606205,0.2466937754378185
4987148,N-[3-(1H-benzimidazol-2-yl)phenyl]-3-methoxy-naphthalene-2-carboxamide,COC1=CC2=CC=CC=C2C=C1C(=O)NC3=CC=CC(=C3)C4=NC5=CC=CC=C5N4,C25H19N3O2,3,2,4,5.644000000000004,393.1477268480001,30,67.00999999999999,0.4476943739740338,1,0.9894660730016259,0.625,0.7161165182504065,0.8072330365008129,0.8983495547512195,0.7863944910959233,0.766093888211912
4107209,"N-[3-(1,3-benzoxazol-2-yl)phenyl]-1,3-benzothiazole-6-carboxamide",C1=CC=C2C(=C1)N=C(O2)C3=CC(=CC=C3)NC(=O)C4=CC5=C(C=C4)N=CS5,C21H13N3O2S,5,1,3,5.356800000000003,371.072847656,27,68.02000000000001,0.3969420758600411,1,0.8068098396738123,0.4090909090909091,0.5085206417366349,0.6079503743823607,0.7073801070280865,0.5745072417086232,0.5429038038030147
72949345,"N-[3-(1H-benzimidazol-2-yl)-4-chloro-phenyl]-2,6-dimethyl-4-[4-(trifluoromethyl)phenyl]benzamide",CC1=CC(=CC(=C1C(=O)NC2=CC(=C(C=C2)Cl)C3=NC4=CC=CC=C4N3)C)C5=CC=C(C=C5)C(F)(F)F,C29H21ClF3N3O,2,2,4,8.438240000000002,519.132524632,37,57.78,0.6403599861543786,2,0.9615426851829789,0.47058823529411764,0.5933268477663329,0.7160654602385483,0.8388040727107636,0.6726742713826844,0.631912444470487
4071550,N-[3-(1H-benzimidazol-2-yl)phenyl]-3-chloro-benzothiophene-2-carboxamide,C1=CC=C2C(=C1)C(=C(S2)C(=O)NC3=CC=CC(=C3)C4=NC5=CC=CC=C5N4)Cl,C22H14ClN3OS,3,2,3,6.350300000000003,403.054610748,28,57.78,0.4845967462789892,1,0.9687825810577152,0.603448275862069,0.6947818521609805,0.7861154284598921,0.8774490047588036,0.7645980501050753,0.7436696406910812
705381,"4-chloro-N-(3-oxazolo[4,5-b]pyridin-2-ylphenyl)benzamide",C1=CC(=CC(=C1)NC(=O)C2=CC=C(C=C2)Cl)C3=NC4=C(O3)C=CC=N4,C19H12ClN3O2,4,1,3,4.795500000000002,349.061804304,25,68.02000000000001,0.3675389591296676,0,0.866395630640053,0.390625,0.5095676576600132,0.6285103153200264,0.7474529729800398,0.5817523469817468,0.5384729334894767
72948989,N-[3-(1H-benzimidazol-2-yl)-4-chloro-phenyl]-4-(4-cyanophenyl)-2-methyl-benzamide,CC1=C(C=CC(=C1)C2=CC=C(C=C2)C#N)C(=O)NC3=CC(=C(C=C3)Cl)C4=NC5=CC=CC=C5N4,C28H19ClN4O,3,2,4,6.982700000000004,462.124738908,34,81.57,0.4168199092803727,1,0.9765155644874172,0.463768115942029,0.591954978078376,0.720141840214723,0.84832870235107,0.6729612050708395,0.6288716447795384
160296479,"7-(1,3-dimethylbenzimidazol-3-ium-2-yl)-2-(2,6-dimethyl-4-phenyl-phenyl)-6-methyl-1,3-benzoxazole",CC1=C(C2=C(C=C1)N=C(O2)C3=C(C=C(C=C3C)C4=CC=CC=C4)C)C5=[N+](C6=CC=CC=C6N5C)C,C31H28N3O+,3,0,3,7.070260000000007,458.2226889360901,35,34.84,1.0045924225028702,1,0.4697604150741644,0.1794871794871795,0.2520554883839257,0.3246237972806719,0.3971921061774182,0.2903721266519713,0.2597344145521418
90032148,N-[3-(1H-benzimidazol-2-yl)-4-fluoro-phenyl]-2-methyl-4-[4-(trifluoromethyl)phenyl]benzamide,CC1=C(C=CC(=C1)C2=CC=C(C=C2)C(F)(F)F)C(=O)NC3=CC(=C(C=C3)F)C4=NC5=CC=CC=C5N4,C28H19F4N3O,2,2,4,7.615520000000003,489.1464251080001,36,57.78,0.6230529595015576,1,0.9773240730161918,0.5,0.6193310182540479,0.7386620365080959,0.8579930547621439,0.6990436585136124,0.6615502250774465
17093041,N-[5-(1H-benzimidazol-2-yl)-2-methoxy-phenyl]-4-phenyl-benzamide,COC1=C(C=C(C=C1)C2=NC3=CC=CC=C3N2)NC(=O)C4=CC=C(C=C4)C5=CC=CC=C5,C27H21N3O2,3,2,5,6.157800000000004,419.163376912,32,67.00999999999999,0.4775406655723027,1,0.9737645006597141,0.6666666666666666,0.7434411251649286,0.8202155836631904,0.8969900421614522,0.8057147967942146,0.7914703727937429
159630924,3-[3-(1H-benzimidazol-2-yl)-4-chloro-phenyl]-7-[4-(trifluoromethyl)phenyl]quinazolin-4-one;3-(1H-benzimidazol-2-yl)-4-chloro-N-[3-[4-(trifluoromethyl)phenyl]phenyl]aniline,C1=CC=C2C(=C1)NC(=N2)C3=C(C=CC(=C3)NC4=CC=CC(=C4)C5=CC=C(C=C5)C(F)(F)F)Cl.C1=CC=C2C(=C1)NC(=N2)C3=C(C=CC(=C3)N4C=NC5=C(C4=O)C=CC(=C5)C6=CC=C(C=C6)C(F)(F)F)Cl,C54H33Cl2F6N7O,6,3,7,15.580899999999977,979.2027833559998,70,104.28,0.6712696586114307,2,0.8421706007298659,0.36585365853658536,0.48493289408490553,0.6040121296332257,0.7230913651815457,0.5550776480718489,0.5101076290902795
159168431,"2-[2-[4-[5-[5-[2-[2-[2,5-dihydroxy-4-(5-methyl-1H-benzimidazol-2-yl)phenyl]-3H-indol-6-yl]-1,3-dioxo-isoindolin-5-yl]-1,3-dioxo-isoindolin-2-yl]-1H-benzimidazol-2-yl]-2,5-dihydroxy-phenyl]-3H-indol-6-yl]-6-methyl-pyrrolo[3,4-f]isoindole-1,3,5,7-tetrone;2-[3-[5-[5-(1,3-dioxo-2-phenyl-isoindolin-5-yl)-1,3-dioxo-isoindolin-2-yl]-1H-benzimidazol-2-yl]-4-hydroxy-phenyl]-6-methyl-pyrrolo[3,4-f]isoindole-1,3,5,7-tetrone;2-[4-hydroxy-3-[5-[5-[2-[4-hydroxy-3-(5-methyl-1H-benzimidazol-2-yl)phenyl]-1,3-dioxo-isoindolin-5-yl]-1,3-dioxo-isoindolin-2-yl]-1H-benzimidazol-2-yl]phenyl]-6-methyl-pyrrolo[3,4-f]isoindole-1,3,5,7-tetrone;5-[2-[2-[2-hydroxy-5-[5-[2-[3-hydroxy-4-(5-methyl-1H-benzimidazol-2-yl)phenyl]-1,3-dioxo-isoindolin-5-yl]-1,3-dioxo-isoindolin-2-yl]phenyl]-3H-benzimidazol-5-yl]-1,3-dioxo-isoindolin-5-yl]-2-methyl-isoindoline-1,3-dione;5-[2-[3-hydroxy-4-[5-[2-(2-hydroxy-4-methyl-phenyl)-3H-indol-5-yl]-1H-benzimidazol-2-yl]phenyl]-1,3-dioxo-isoindolin-5-yl]-2-methyl-isoindoline-1,3-dione;5-[2-[4-[4-[5-[2-[3-hydroxy-4-[11-(2-hydroxy-4-methyl-phenyl)-2,4,6,12-tetrazatricyclo[7.3.0.03,7]dodeca-1,3(7),5,8,11-pentaen-5-yl]phenyl]-1,3-dioxo-isoindolin-5-yl]-1,3-dioxo-isoindolin-2-yl]phenoxy]phenyl]-1,3-dioxo-isoindolin-5-yl]-2-methyl-isoindoline-1,3-dione;5-[2-[4-hydroxy-3-(5-methyl-1H-benzimidazol-2-yl)phenyl]-1,3-dioxo-isoindolin-5-yl]-2-methyl-isoindoline-1,3-dione;2-[4-[5-[2-[4-hydroxy-3-(6-methyl-3H-indol-2-yl)phenyl]-1,3-dioxo-isoindolin-5-yl]-1,3-dioxo-isoindolin-2-yl]phenyl]pyrrolo[3,4-f]isoindole-1,3,5,7-tetrone",CC1=CC2=C(CC(=N2)C3=C(C=CC(=C3)N4C(=O)C5=C(C4=O)C=C(C=C5)C6=CC7=C(C=C6)C(=O)N(C7=O)C8=CC=C(C=C8)N9C(=O)C2=C(C9=O)C=C3C(=C2)C(=O)NC3=O)O)C=C1.CC1=CC2=C(C=C1)NC(=N2)C3=C(C=C(C=C3)N4C(=O)C5=C(C4=O)C=C(C=C5)C6=CC7=C(C=C6)C(=O)N(C7=O)C8=CC(=C(C=C8)O)C9=NC1=C(N9)C=C(C=C1)N1C(=O)C2=C(C1=O)C=C(C=C2)C1=CC2=C(C=C1)C(=O)N(C2=O)C)O.CC1=CC2=C(C=C1)NC(=N2)C3=CC(=C(C=C3O)C4=NC5=C(C4)C=CC(=C5)N6C(=O)C7=C(C6=O)C=C(C=C7)C8=CC9=C(C=C8)C(=O)N(C9=O)C1=CC2=C(C=C1)NC(=N2)C1=CC(=C(C=C1O)C1=NC2=C(C1)C=CC(=C2)N1C(=O)C2=C(C1=O)C=C1C(=C2)C(=O)N(C1=O)C)O)O.CC1=CC2=C(C=C1)NC(=N2)C3=C(C=CC(=C3)N4C(=O)C5=C(C4=O)C=C(C=C5)C6=CC7=C(C=C6)C(=O)N(C7=O)C)O.CC1=CC2=C(C=C1)NC(=N2)C3=C(C=CC(=C3)N4C(=O)C5=C(C4=O)C=C(C=C5)C6=CC7=C(C=C6)C(=O)N(C7=O)C8=CC9=C(C=C8)NC(=N9)C1=C(C=CC(=C1)N1C(=O)C2=C(C1=O)C=C1C(=C2)C(=O)N(C1=O)C)O)O.CC1=CC(=C(C=C1)C2=NC3=NC4=C(C=C3C2)N=C(N4)C5=C(C=C(C=C5)N6C(=O)C7=C(C6=O)C=C(C=C7)C8=CC9=C(C=C8)C(=O)N(C9=O)C1=CC=C(C=C1)OC1=CC=C(C=C1)N1C(=O)C2=C(C1=O)C=C(C=C2)C1=CC2=C(C=C1)C(=O)N(C2=O)C)O)O.CC1=CC(=C(C=C1)C2=NC3=C(C2)C=C(C=C3)C4=CC5=C(C=C4)NC(=N5)C6=C(C=C(C=C6)N7C(=O)C8=C(C7=O)C=C(C=C8)C9=CC1=C(C=C9)C(=O)N(C1=O)C)O)O.CN1C(=O)C2=CC3=C(C=C2C1=O)C(=O)N(C3=O)C4=CC(=C(C=C4)O)C5=NC6=C(N5)C=CC(=C6)N7C(=O)C8=C(C7=O)C=C(C=C8)C9=CC1=C(C=C9)C(=O)N(C1=O)C1=CC=CC=C1,C419H240N54O72,95,26,48,59.2879399999995,7177.67785632,545,1745.1899999999996,0.3122869143187848,4,0.6961750326890646,0.17037037037037037,0.3018215359500439,0.4332727015297175,0.564723867109391,0.3443945385191824,0.27374814462827524
5068842,4-acetyl-N-[3-(1H-benzimidazol-2-yl)phenyl]benzamide,CC(=O)C1=CC=C(C=C1)C(=O)NC2=CC=CC(=C2)C3=NC4=CC=CC=C4N3,C22H17N3O2,3,2,4,4.684800000000003,355.13207678400005,27,74.85,0.3607214428857715,0,0.967537807317445,0.8297872340425532,0.8642248773612762,0.8986625206799991,0.933100163998722,0.8960192637245805,0.8933837814422696
159168436,"5-[2-[2-[2-hydroxy-5-[5-[2-[3-hydroxy-4-(5-methyl-1H-benzimidazol-2-yl)phenyl]-1,3-dioxo-isoindolin-5-yl]-1,3-dioxo-isoindolin-2-yl]phenyl]-3H-benzimidazol-5-yl]-1,3-dioxo-isoindolin-5-yl]-2-methyl-isoindoline-1,3-dione",CC1=CC2=C(C=C1)NC(=N2)C3=C(C=C(C=C3)N4C(=O)C5=C(C4=O)C=C(C=C5)C6=CC7=C(C=C6)C(=O)N(C7=O)C8=CC(=C(C=C8)O)C9=NC1=C(N9)C=C(C=C1)N1C(=O)C2=C(C1=O)C=C(C=C2)C1=CC2=C(C=C1)C(=O)N(C2=O)C)O,C60H34N8O10,12,4,7,9.454419999999995,1026.239789288,78,247.33999999999995,0.3153553812565699,3,0.779427127260798,0.2375,0.3729817818151995,0.508463563630399,0.6439453454455984,0.43024869869000126,0.3640653056882527
1085293,[4-[[3-(1H-benzimidazol-2-yl)phenyl]carbamoyl]-2-methoxy-phenyl] acetate,CC(=O)OC1=C(C=C(C=C1)C(=O)NC2=CC=CC(=C2)C3=NC4=CC=CC=C4N3)OC,C23H19N3O4,5,2,5,4.416100000000004,401.13755608800005,30,93.31000000000002,0.3215089486657378,0,0.8870352877140316,0.6551724137931034,0.7131381322733354,0.7711038507535675,0.8290695692337995,0.7623391965334474,0.7536741646450315
157371209,"2-tert-butyl-6-methyl-7-[1-methyl-3-(4-phenylphenyl)benzimidazol-1-ium-2-yl]-1,3-benzoxazole;2-cyclohexyl-6-methyl-7-[1-methyl-3-(4-phenylphenyl)benzimidazol-1-ium-2-yl]-1,3-benzoxazole;2-cyclopentyl-6-methyl-7-[1-methyl-3-(4-phenylphenyl)benzimidazol-1-ium-2-yl]-1,3-benzoxazole;2,6-dimethyl-7-[1-methyl-3-(4-phenylphenyl)benzimidazol-1-ium-2-yl]-1,3-benzoxazole;2-(2,6-dimethylphenyl)-6-methyl-7-[1-methyl-3-(4-phenylphenyl)benzimidazol-1-ium-2-yl]-1,3-benzoxazole;2-(2,6-dimethyl-4-phenyl-phenyl)-6-methyl-7-[1-methyl-3-(4-phenylphenyl)benzimidazol-1-ium-2-yl]-1,3-benzoxazole;2-isobutyl-6-methyl-7-[1-methyl-3-(4-phenylphenyl)benzimidazol-1-ium-2-yl]-1,3-benzoxazole;2-isopropyl-6-methyl-7-[1-methyl-3-(4-phenylphenyl)benzimidazol-1-ium-2-yl]-1,3-benzoxazole;6-methyl-7-[1-methyl-3-(4-phenylphenyl)benzimidazol-1-ium-2-yl]-2-phenyl-1,3-benzoxazole",CC1=C(C(=CC=C1)C)C2=NC3=C(O2)C(=C(C=C3)C)C4=[N+](C5=CC=CC=C5N4C6=CC=C(C=C6)C7=CC=CC=C7)C.CC1=C(C2=C(C=C1)N=C(O2)C)C3=[N+](C4=CC=CC=C4N3C5=CC=C(C=C5)C6=CC=CC=C6)C.CC1=C(C2=C(C=C1)N=C(O2)CC(C)C)C3=[N+](C4=CC=CC=C4N3C5=CC=C(C=C5)C6=CC=CC=C6)C.CC1=C(C2=C(C=C1)N=C(O2)C3CCCCC3)C4=[N+](C5=CC=CC=C5N4C6=CC=C(C=C6)C7=CC=CC=C7)C.CC1=C(C2=C(C=C1)N=C(O2)C3CCCC3)C4=[N+](C5=CC=CC=C5N4C6=CC=C(C=C6)C7=CC=CC=C7)C.CC1=C(C2=C(C=C1)N=C(O2)C3=CC=CC=C3)C4=[N+](C5=CC=CC=C5N4C6=CC=C(C=C6)C7=CC=CC=C7)C.CC1=C(C2=C(C=C1)N=C(O2)C3=C(C=C(C=C3C)C4=CC=CC=C4)C)C5=[N+](C6=CC=CC=C6N5C7=CC=C(C=C7)C8=CC=CC=C8)C.CC1=C(C2=C(C=C1)N=C(O2)C(C)C)C3=[N+](C4=CC=CC=C4N3C5=CC=C(C=C5)C6=CC=CC=C6)C.CC1=C(C2=C(C=C1)N=C(O2)C(C)(C)C)C3=[N+](C4=CC=CC=C4N3C5=CC=C(C=C5)C6=CC=CC=C6)C,C303H264N27O9+9,27,0,36,71.68237999999977,4424.098100808813,339,313.5599999999999,1.0811327975507083,3,0.4942382385491947,0.128,0.21955955963729867,0.31111911927459734,0.402678678911896,0.2515203660427857,0.20333849839186743
90031103,4-(4-aminophenyl)-N-[3-(1H-benzimidazol-2-yl)-4-chloro-phenyl]-2-methyl-benzamide,CC1=C(C=CC(=C1)C2=CC=C(C=C2)N)C(=O)NC3=CC(=C(C=C3)Cl)C4=NC5=CC=CC=C5N4,C27H21ClN4O,3,3,4,6.693220000000005,452.140388972,33,83.80000000000001,0.3937947494033412,1,0.9872492241722461,0.48484848484848486,0.6104486696794251,0.7360488545103655,0.8616490393413058,0.6918571315725204,0.650318640637209
161580577,"2-tert-butyl-7-(1-cyclohexyl-3-methyl-benzimidazol-3-ium-2-yl)-6-methyl-1,3-benzoxazole;2-cyclohexyl-7-(1-cyclohexyl-3-methyl-benzimidazol-3-ium-2-yl)-6-methyl-1,3-benzoxazole;7-(1-cyclohexyl-3-methyl-benzimidazol-3-ium-2-yl)-2-cyclopentyl-6-methyl-1,3-benzoxazole;7-(1-cyclohexyl-3-methyl-benzimidazol-3-ium-2-yl)-2,6-dimethyl-1,3-benzoxazole;7-(1-cyclohexyl-3-methyl-benzimidazol-3-ium-2-yl)-2-(2,6-dimethylphenyl)-6-methyl-1,3-benzoxazole;7-(1-cyclohexyl-3-methyl-benzimidazol-3-ium-2-yl)-2-(2,6-dimethyl-4-phenyl-phenyl)-6-methyl-1,3-benzoxazole;7-(1-cyclohexyl-3-methyl-benzimidazol-3-ium-2-yl)-2-isobutyl-6-methyl-1,3-benzoxazole;7-(1-cyclohexyl-3-methyl-benzimidazol-3-ium-2-yl)-2-isopropyl-6-methyl-1,3-benzoxazole;7-(1-cyclohexyl-3-methyl-benzimidazol-3-ium-2-yl)-6-methyl-2-phenyl-1,3-benzoxazole",CC1=C(C(=CC=C1)C)C2=NC3=C(O2)C(=C(C=C3)C)C4=[N+](C5=CC=CC=C5N4C6CCCCC6)C.CC1=C(C2=C(C=C1)N=C(O2)C)C3=[N+](C4=CC=CC=C4N3C5CCCCC5)C.CC1=C(C2=C(C=C1)N=C(O2)CC(C)C)C3=[N+](C4=CC=CC=C4N3C5CCCCC5)C.CC1=C(C2=C(C=C1)N=C(O2)C3CCCCC3)C4=[N+](C5=CC=CC=C5N4C6CCCCC6)C.CC1=C(C2=C(C=C1)N=C(O2)C3CCCC3)C4=[N+](C5=CC=CC=C5N4C6CCCCC6)C.CC1=C(C2=C(C=C1)N=C(O2)C3=CC=CC=C3)C4=[N+](C5=CC=CC=C5N4C6CCCCC6)C.CC1=C(C2=C(C=C1)N=C(O2)C3=C(C=C(C=C3C)C4=CC=CC=C4)C)C5=[N+](C6=CC=CC=C6N5C7CCCCC7)C.CC1=C(C2=C(C=C1)N=C(O2)C(C)C)C3=[N+](C4=CC=CC=C4N3C5CCCCC5)C.CC1=C(C2=C(C=C1)N=C(O2)C(C)(C)C)C3=[N+](C4=CC=CC=C4N3C5CCCCC5)C,C249H282N27O9+9,27,0,27,61.323379999999545,3794.238951384811,285,313.5599999999999,0.9089169536930736,3,0.4936808227942907,0.12,0.21342020569857267,0.30684041139714535,0.40026061709571803,0.24339617650101836,0.19307006683235736
696905,"N-[3-(1,3-benzoxazol-2-yl)phenyl]-4-fluoro-benzamide",C1=CC=C2C(=C1)N=C(O2)C3=CC(=CC=C3)NC(=O)C4=CC=C(C=C4)F,C20H13FN2O2,3,1,3,4.886200000000003,332.096105876,25,55.13,0.4534736078360239,0,0.9396733756329096,0.4827586206896552,0.5969873094254687,0.7112159981612824,0.825444686897096,0.6735246266613685,0.6378307348149175
72949347,2-amino-N-[3-(1H-benzimidazol-2-yl)-4-chloro-phenyl]-4-[4-(trifluoromethyl)phenyl]benzamide,C1=CC=C2C(=C1)NC(=N2)C3=C(C=CC(=C3)NC(=O)C4=C(C=C(C=C4)C5=CC=C(C=C5)C(F)(F)F)N)Cl,C27H18ClF3N4O,3,3,4,7.403600000000004,506.112123536,36,83.8,0.4295942720763723,2,0.9878670412890124,0.463768115942029,0.5947928472787748,0.7258175786155207,0.8568423099522665,0.6768613126334166,0.6312071380438664
157228747,"2-tert-butyl-7-[1-(4-tert-butylphenyl)-3-methyl-benzimidazol-3-ium-2-yl]-6-methyl-1,3-benzoxazole;7-[1-(4-tert-butylphenyl)-3-methyl-benzimidazol-3-ium-2-yl]-2-cyclohexyl-6-methyl-1,3-benzoxazole;7-[1-(4-tert-butylphenyl)-3-methyl-benzimidazol-3-ium-2-yl]-2-cyclopentyl-6-methyl-1,3-benzoxazole;7-[1-(4-tert-butylphenyl)-3-methyl-benzimidazol-3-ium-2-yl]-2,6-dimethyl-1,3-benzoxazole;7-[1-(4-tert-butylphenyl)-3-methyl-benzimidazol-3-ium-2-yl]-2-(2,6-dimethylphenyl)-6-methyl-1,3-benzoxazole;7-[1-(4-tert-butylphenyl)-3-methyl-benzimidazol-3-ium-2-yl]-2-(2,6-dimethyl-4-phenyl-phenyl)-6-methyl-1,3-benzoxazole;7-[1-(4-tert-butylphenyl)-3-methyl-benzimidazol-3-ium-2-yl]-2-isobutyl-6-methyl-1,3-benzoxazole;7-[1-(4-tert-butylphenyl)-3-methyl-benzimidazol-3-ium-2-yl]-2-isopropyl-6-methyl-1,3-benzoxazole;7-[1-(4-tert-butylphenyl)-3-methyl-benzimidazol-3-ium-2-yl]-6-methyl-2-phenyl-1,3-benzoxazole",CC1=C(C(=CC=C1)C)C2=NC3=C(O2)C(=C(C=C3)C)C4=[N+](C5=CC=CC=C5N4C6=CC=C(C=C6)C(C)(C)C)C.CC1=C(C2=C(C=C1)N=C(O2)C)C3=[N+](C4=CC=CC=C4N3C5=CC=C(C=C5)C(C)(C)C)C.CC1=C(C2=C(C=C1)N=C(O2)CC(C)C)C3=[N+](C4=CC=CC=C4N3C5=CC=C(C=C5)C(C)(C)C)C.CC1=C(C2=C(C=C1)N=C(O2)C3CCCCC3)C4=[N+](C5=CC=CC=C5N4C6=CC=C(C=C6)C(C)(C)C)C.CC1=C(C2=C(C=C1)N=C(O2)C3CCCC3)C4=[N+](C5=CC=CC=C5N4C6=CC=C(C=C6)C(C)(C)C)C.CC1=C(C2=C(C=C1)N=C(O2)C3=CC=CC=C3)C4=[N+](C5=CC=CC=C5N4C6=CC=C(C=C6)C(C)(C)C)C.CC1=C(C2=C(C=C1)N=C(O2)C3=C(C=C(C=C3C)C4=CC=CC=C4)C)C5=[N+](C6=CC=CC=C6N5C7=CC=C(C=C7)C(C)(C)C)C.CC1=C(C2=C(C=C1)N=C(O2)C(C)C)C3=[N+](C4=CC=CC=C4N3C5=CC=C(C=C5)C(C)(C)C)C.CC1=C(C2=C(C=C1)N=C(O2)C(C)(C)C)C3=[N+](C4=CC=CC=C4N3C5=CC=C(C=C5)C(C)(C)C)C,C285H300N27O9+9,27,0,27,68.35687999999963,4244.379801960812,321,313.5599999999999,1.02372751626483,3,0.49376937654075265,0.125,0.21719234413518818,0.30938468827037635,0.40157703240556447,0.24843746107943157,0.1994965310424637
1548762,"N-[3-(1,3-benzothiazol-2-yl)-4-hydroxy-phenyl]-4-(2,5-dioxopyrrolidin-1-yl)benzamide",C1CC(=O)N(C1=O)C2=CC=C(C=C2)C(=O)NC3=CC(=C(C=C3)O)C4=NC5=CC=CC=C5S4,C24H17N3O4S,6,2,4,4.574600000000003,443.0939770240001,32,99.6,0.321285140562249,0,0.859273621356066,0.3194444444444444,0.4544017386723498,0.5893590329002552,0.7243163271281605,0.5239181086771619,0.4657435778138144
5127237,N-[3-(1H-benzimidazol-2-yl)phenyl]-4-isopropoxy-benzamide,CC(C)OC1=CC=C(C=C1)C(=O)NC2=CC=CC(=C2)C3=NC4=CC=CC=C4N3,C23H21N3O2,3,2,5,5.269400000000004,371.1633769120001,28,67.00999999999999,0.4178480823757649,1,0.9635257210564561,0.75,0.803381430264114,0.856762860528228,0.910144290792342,0.8500848726993924,0.8434589360547251
72949168,N-[3-(1H-benzimidazol-2-yl)-4-chloro-phenyl]-4-(4-fluorophenyl)benzamide,C1=CC=C2C(=C1)NC(=N2)C3=C(C=CC(=C3)NC(=O)C4=CC=C(C=C4)C5=CC=C(C=C5)F)Cl,C26H17ClFN3O,2,2,4,6.9417000000000035,441.104418064,32,57.78,0.5538248528902734,1,0.9937031904823711,0.6140350877192983,0.7089521134100665,0.8038691391008347,0.8987861647916029,0.7811329116960757,0.759039744226643
90031673,N-[3-(1H-benzimidazol-2-yl)-4-chloro-phenyl]-2-chloro-4-[4-(trifluoromethyl)phenyl]benzamide,C1=CC=C2C(=C1)NC(=N2)C3=C(C=CC(=C3)NC(=O)C4=C(C=C(C=C4)C5=CC=C(C=C5)C(F)(F)F)Cl)Cl,C27H16Cl2F3N3O,2,2,4,8.474800000000002,525.062252152,36,57.78,0.6230529595015576,2,0.9613130725208427,0.48484848484848486,0.6039646317665743,0.7230807786846638,0.8421969256027533,0.6827087129052714,0.6445907572382519
159168432,"5-[2-[4-hydroxy-3-(5-methyl-1H-benzimidazol-2-yl)phenyl]-1,3-dioxo-isoindolin-5-yl]-2-methyl-isoindoline-1,3-dione",CC1=CC2=C(C=C1)NC(=N2)C3=C(C=CC(=C3)N4C(=O)C5=C(C4=O)C=C(C=C5)C6=CC7=C(C=C6)C(=O)N(C7=O)C)O,C31H20N4O5,6,2,3,4.937320000000006,528.1433697399999,40,123.67,0.323441416673405,1,0.8052779269097834,0.24,0.38131948172744584,0.5226389634548917,0.6639584451823375,0.43962108964237373,0.36979007684533
3348580,N-[3-(1H-benzimidazol-2-yl)phenyl]-4-isobutoxy-benzamide,CC(C)COC1=CC=C(C=C1)C(=O)NC2=CC=CC(=C2)C3=NC4=CC=CC=C4N3,C24H23N3O2,3,2,6,5.517000000000005,385.1790269760001,29,67.00999999999999,0.4327712281748993,1,0.9209684644846494,0.6964285714285714,0.7525635446925909,0.8086985179566104,0.8648334912206299,0.8008674996850661,0.7931123129450599
160208409,"2-tert-butyl-7-[1-(2,6-diisopropylphenyl)-3-methyl-benzimidazol-3-ium-2-yl]-6-methyl-1,3-benzoxazole;2-cyclohexyl-7-[1-(2,6-diisopropylphenyl)-3-methyl-benzimidazol-3-ium-2-yl]-6-methyl-1,3-benzoxazole;2-cyclopentyl-7-[1-(2,6-diisopropylphenyl)-3-methyl-benzimidazol-3-ium-2-yl]-6-methyl-1,3-benzoxazole;7-[1-(2,6-diisopropylphenyl)-3-methyl-benzimidazol-3-ium-2-yl]-2,6-dimethyl-1,3-benzoxazole;7-[1-(2,6-diisopropylphenyl)-3-methyl-benzimidazol-3-ium-2-yl]-2-(2,6-dimethylphenyl)-6-methyl-1,3-benzoxazole;7-[1-(2,6-diisopropylphenyl)-3-methyl-benzimidazol-3-ium-2-yl]-2-(2,6-dimethyl-4-phenyl-phenyl)-6-methyl-1,3-benzoxazole;7-[1-(2,6-diisopropylphenyl)-3-methyl-benzimidazol-3-ium-2-yl]-2-isobutyl-6-methyl-1,3-benzoxazole;7-[1-(2,6-diisopropylphenyl)-3-methyl-benzimidazol-3-ium-2-yl]-2-isopropyl-6-methyl-1,3-benzoxazole;7-[1-(2,6-diisopropylphenyl)-3-methyl-benzimidazol-3-ium-2-yl]-6-methyl-2-phenyl-1,3-benzoxazole",CC1=C(C(=CC=C1)C)C2=NC3=C(O2)C(=C(C=C3)C)C4=[N+](C5=CC=CC=C5N4C6=C(C=CC=C6C(C)C)C(C)C)C.CC1=C(C2=C(C=C1)N=C(O2)C)C3=[N+](C4=CC=CC=C4N3C5=C(C=CC=C5C(C)C)C(C)C)C.CC1=C(C2=C(C=C1)N=C(O2)CC(C)C)C3=[N+](C4=CC=CC=C4N3C5=C(C=CC=C5C(C)C)C(C)C)C.CC1=C(C2=C(C=C1)N=C(O2)C3CCCCC3)C4=[N+](C5=CC=CC=C5N4C6=C(C=CC=C6C(C)C)C(C)C)C.CC1=C(C2=C(C=C1)N=C(O2)C3CCCC3)C4=[N+](C5=CC=CC=C5N4C6=C(C=CC=C6C(C)C)C(C)C)C.CC1=C(C2=C(C=C1)N=C(O2)C3=CC=CC=C3)C4=[N+](C5=CC=CC=C5N4C6=C(C=CC=C6C(C)C)C(C)C)C.CC1=C(C2=C(C=C1)N=C(O2)C3=C(C=C(C=C3C)C4=CC=CC=C4)C)C5=[N+](C6=CC=CC=C6N5C7=C(C=CC=C7C(C)C)C(C)C)C.CC1=C(C2=C(C=C1)N=C(O2)C(C)C)C3=[N+](C4=CC=CC=C4N3C5=C(C=CC=C5C(C)C)C(C)C)C.CC1=C(C2=C(C=C1)N=C(O2)C(C)(C)C)C3=[N+](C4=CC=CC=C4N3C5=C(C=CC=C5C(C)C)C(C)C)C,C303H336N27O9+9,27,0,45,76.90057999999999,4496.661503112813,339,313.5599999999999,1.0811327975507083,3,0.4949732162062417,0.11811023622047244,0.21232598121691476,0.30654172621335707,0.4007574712097994,0.24178793081733047,0.19071271050465827
72949167,4-(4-acetylphenyl)-N-[3-(1H-benzimidazol-2-yl)-4-chloro-phenyl]-2-methyl-benzamide,CC1=C(C=CC(=C1)C2=CC=C(C=C2)C(=O)C)C(=O)NC3=CC(=C(C=C3)Cl)C4=NC5=CC=CC=C5N4,C29H22ClN3O2,3,2,5,7.313620000000004,479.1400546240001,35,74.85,0.4676018704074817,1,0.965581661197198,0.5076923076923077,0.6221646460685303,0.7366369844447529,0.8511093228209754,0.7001559696514609,0.665481630966553
53057018,"4-cyano-N-[3-(5-ethyl-1,2,4-oxadiazol-3-yl)phenyl]benzamide",CCC1=NC(=NO1)C2=CC(=CC=C2)NC(=O)C3=CC=C(C=C3)C#N,C18H14N4O2,5,1,4,3.4229800000000017,318.111675688,24,91.81,0.2614094325236902,0,0.7187118448697201,0.38461538461538464,0.4681394996789685,0.5516636147425523,0.6351877298061362,0.525763856348266,0.5010800517833716
156631123,N-[3-(1H-benzimidazol-2-ylamino)phenyl]-4-phenyl-benzamide,C1=CC=C(C=C1)C2=CC=C(C=C2)C(=O)NC3=CC=CC(=C3)NC4=NC5=CC=CC=C5N4,C26H20N4O,3,3,5,6.225800000000004,404.16371126000007,31,69.81,0.4440624552356396,1,0.9837063376685635,0.72,0.7859265844171409,0.8518531688342817,0.9177797532514227,0.8415869314107519,0.8314444191017046
47074527,"4-(difluoromethoxy)-N-[3-(4,5-dimethyl-1H-imidazol-2-yl)phenyl]benzamide",CC1=C(N=C(N1)C2=CC(=CC=C2)NC(=O)C3=CC=C(C=C3)OC(F)F)C,C19H17F2N3O2,3,2,5,4.547240000000002,357.128883224,26,67.01,0.3880017907774958,0,0.9451266489638677,0.4918032786885246,0.6051341212573603,0.7184649638261962,0.8317958063950319,0.6817744383125025,0.6469576223465952
1216068,"N-[3-(1,3-benzoxazol-2-yl)phenyl]-3,4-dichloro-benzamide",C1=CC=C2C(=C1)N=C(O2)C3=CC(=CC=C3)NC(=O)C4=CC(=C(C=C4)Cl)Cl,C20H12Cl2N2O2,3,1,3,6.053900000000003,382.027582984,26,55.13,0.4716125521494649,1,0.9129247583396123,0.4426229508196721,0.5601984026996571,0.6777738545796422,0.7953493064596272,0.6356740126925241,0.5961891974473226
72948990,N-[3-(1H-benzimidazol-2-yl)-4-chloro-phenyl]-2-methyl-4-(4-nitrophenyl)benzamide,CC1=C(C=CC(=C1)C2=CC=C(C=C2)[N+](=O)[O-])C(=O)NC3=CC(=C(C=C3)Cl)C4=NC5=CC=CC=C5N4,C27H19ClN4O3,4,2,5,7.019220000000004,482.1145681480001,35,100.92,0.3468093539437178,1,0.9363607589024034,0.45714285714285713,0.5769473325827437,0.6967518080226303,0.8165562834625169,0.65425578533254,0.6143516639818978
72949526,"3-[3-(1H-benzimidazol-2-yl)-4-chloro-phenyl]-7-[4-(trifluoromethyl)phenyl]-2H-1,3-benzoxazin-4-one",C1N(C(=O)C2=C(O1)C=C(C=C2)C3=CC=C(C=C3)C(F)(F)F)C4=CC(=C(C=C4)Cl)C5=NC6=CC=CC=C6N5,C28H17ClF3N3O2,3,1,3,7.565800000000004,519.096139124,37,58.220000000000006,0.6355204397114393,2,0.8223829884063493,0.3037974683544304,0.4334438483674101,0.5630902283803898,0.6927366083933695,0.499837843600902,0.44369065081133746
24127131,N-[3-(1H-benzimidazol-2-yl)phenyl]-3-chloro-4-methoxy-benzamide,COC1=C(C=C(C=C1)C(=O)NC2=CC=CC(=C2)C3=NC4=CC=CC=C4N3)Cl,C21H16ClN3O2,3,2,4,5.144200000000003,377.093104432,27,67.00999999999999,0.4029249365766304,1,0.9818630018863249,0.6785714285714286,0.7543943219001527,0.8302172152288767,0.9060401085576009,0.8162500718844898,0.8025179045073849
1015621,methyl 4-[[3-(1H-benzimidazol-2-yl)-4-hydroxy-phenyl]carbamoyl]benzoate,COC(=O)C1=CC=C(C=C1)C(=O)NC2=CC(=C(C=C2)O)C3=NC4=CC=CC=C4N3,C22H17N3O4,5,3,4,3.974400000000002,387.12190602400005,29,104.31,0.2780174479915636,0,0.8997499528949146,0.5517241379310345,0.6387305916720045,0.7257370454129746,0.8127434991539446,0.7045663681403163,0.6840132665846699
40506199,"4-ethoxy-N-(3-imidazo[2,1-b]thiazol-6-ylphenyl)benzamide",CCOC1=CC=C(C=C1)C(=O)NC2=CC=CC(=C2)C3=CN4C=CSC4=N3,C20H17N3O2S,5,1,5,4.713800000000003,363.1041477840001,26,55.629999999999995,0.4673737192162502,0,0.7856045816859681,0.35714285714285715,0.4642582882786349,0.5713737194144126,0.6784891505501904,0.5296914808526241,0.4910499999464422
159168435,"2-[4-hydroxy-3-[5-[5-[2-[4-hydroxy-3-(5-methyl-1H-benzimidazol-2-yl)phenyl]-1,3-dioxo-isoindolin-5-yl]-1,3-dioxo-isoindolin-2-yl]-1H-benzimidazol-2-yl]phenyl]-6-methyl-pyrrolo[3,4-f]isoindole-1,3,5,7-tetrone",CC1=CC2=C(C=C1)NC(=N2)C3=C(C=CC(=C3)N4C(=O)C5=C(C4=O)C=C(C=C5)C6=CC7=C(C=C6)C(=O)N(C7=O)C8=CC9=C(C=C8)NC(=N9)C1=C(C=CC(=C1)N1C(=O)C2=C(C1=O)C=C1C(=C2)C(=O)N(C1=O)C)O)O,C54H30N8O10,14,4,6,6.513020000000006,950.20848916,72,250.71999999999997,0.2871729419272495,3,0.7301071513073727,0.21428571428571427,0.34324107354112887,0.4721964327965435,0.6011517920519581,0.39553954596602403,0.3313272222249487
157769440,"2-tert-butyl-6-methyl-7-[1-methyl-3-(1-naphthyl)benzimidazol-1-ium-2-yl]-1,3-benzoxazole;2-cyclohexyl-6-methyl-7-[1-methyl-3-(1-naphthyl)benzimidazol-1-ium-2-yl]-1,3-benzoxazole;2-cyclopentyl-6-methyl-7-[1-methyl-3-(1-naphthyl)benzimidazol-1-ium-2-yl]-1,3-benzoxazole;2,6-dimethyl-7-[1-methyl-3-(1-naphthyl)benzimidazol-1-ium-2-yl]-1,3-benzoxazole;2-(2,6-dimethylphenyl)-6-methyl-7-[1-methyl-3-(1-naphthyl)benzimidazol-1-ium-2-yl]-1,3-benzoxazole;2-(2,6-dimethyl-4-phenyl-phenyl)-6-methyl-7-[1-methyl-3-(1-naphthyl)benzimidazol-1-ium-2-yl]-1,3-benzoxazole;2-isobutyl-6-methyl-7-[1-methyl-3-(1-naphthyl)benzimidazol-1-ium-2-yl]-1,3-benzoxazole;2-isopropyl-6-methyl-7-[1-methyl-3-(1-naphthyl)benzimidazol-1-ium-2-yl]-1,3-benzoxazole;6-methyl-7-[1-methyl-3-(1-naphthyl)benzimidazol-1-ium-2-yl]-2-phenyl-1,3-benzoxazole",CC1=C(C(=CC=C1)C)C2=NC3=C(O2)C(=C(C=C3)C)C4=[N+](C5=CC=CC=C5N4C6=CC=CC7=CC=CC=C76)C.CC1=C(C2=C(C=C1)N=C(O2)C)C3=[N+](C4=CC=CC=C4N3C5=CC=CC6=CC=CC=C65)C.CC1=C(C2=C(C=C1)N=C(O2)CC(C)C)C3=[N+](C4=CC=CC=C4N3C5=CC=CC6=CC=CC=C65)C.CC1=C(C2=C(C=C1)N=C(O2)C3CCCCC3)C4=[N+](C5=CC=CC=C5N4C6=CC=CC7=CC=CC=C76)C.CC1=C(C2=C(C=C1)N=C(O2)C3CCCC3)C4=[N+](C5=CC=CC=C5N4C6=CC=CC7=CC=CC=C76)C.CC1=C(C2=C(C=C1)N=C(O2)C3=CC=CC=C3)C4=[N+](C5=CC=CC=C5N4C6=CC=CC7=CC=CC=C76)C.CC1=C(C2=C(C=C1)N=C(O2)C3=C(C=C(C=C3C)C4=CC=CC=C4)C)C5=[N+](C6=CC=CC=C6N5C7=CC=CC8=CC=CC=C87)C.CC1=C(C2=C(C=C1)N=C(O2)C(C)C)C3=[N+](C4=CC=CC=C4N3C5=CC=CC6=CC=CC=C65)C.CC1=C(C2=C(C=C1)N=C(O2)C(C)(C)C)C3=[N+](C4=CC=CC=C4N3C5=CC=CC6=CC=CC=C65)C,C285H246N27O9+9,27,0,27,67.0581799999996,4189.957250232812,321,313.5599999999999,1.02372751626483,3,0.49265098685358033,0.11627906976744186,0.2103720490389765,0.3044650283105111,0.3985580075820457,0.23934284712801956,0.18814968270485236
18573692,N-[3-(1H-benzimidazol-2-yl)phenyl]-4-methylsulfanyl-benzamide,CSC1=CC=C(C=C1)C(=O)NC2=CC=CC(=C2)C3=NC4=CC=CC=C4N3,C21H17N3OS,3,2,4,5.204100000000003,359.10923316400005,26,57.78,0.4499826929733471,1,0.98237055395102,0.78,0.830592638487755,0.88118527697551,0.931777915463265,0.8753565171299038,0.869566312673528
1107575,"N-[3-(1,3-benzoxazol-2-yl)phenyl]benzofuran-2-carboxamide",C1=CC=C2C(=C1)C=C(O2)C(=O)NC3=CC=CC(=C3)C4=NC5=CC=CC=C5O4,C22H14N2O3,4,1,3,5.493300000000003,354.10044230799997,27,68.27000000000001,0.3954885015380108,1,0.8698812037357673,0.39344262295081966,0.5125522681470566,0.6316619133432935,0.7507715585395304,0.5850199504746967,0.541822033628633
160169789,"2-tert-butyl-7-(1-tert-butyl-3-methyl-benzimidazol-3-ium-2-yl)-6-methyl-1,3-benzoxazole;7-(1-tert-butyl-3-methyl-benzimidazol-3-ium-2-yl)-2-cyclohexyl-6-methyl-1,3-benzoxazole;7-(1-tert-butyl-3-methyl-benzimidazol-3-ium-2-yl)-2-cyclopentyl-6-methyl-1,3-benzoxazole;7-(1-tert-butyl-3-methyl-benzimidazol-3-ium-2-yl)-2,6-dimethyl-1,3-benzoxazole;7-(1-tert-butyl-3-methyl-benzimidazol-3-ium-2-yl)-2-(2,6-dimethylphenyl)-6-methyl-1,3-benzoxazole;7-(1-tert-butyl-3-methyl-benzimidazol-3-ium-2-yl)-2-(2,6-dimethyl-4-phenyl-phenyl)-6-methyl-1,3-benzoxazole;7-(1-tert-butyl-3-methyl-benzimidazol-3-ium-2-yl)-2-isobutyl-6-methyl-1,3-benzoxazole;7-(1-tert-butyl-3-methyl-benzimidazol-3-ium-2-yl)-2-isopropyl-6-methyl-1,3-benzoxazole;7-(1-tert-butyl-3-methyl-benzimidazol-3-ium-2-yl)-6-methyl-2-phenyl-1,3-benzoxazole",CC1=C(C(=CC=C1)C)C2=NC3=C(O2)C(=C(C=C3)C)C4=[N+](C5=CC=CC=C5N4C(C)(C)C)C.CC1=C(C2=C(C=C1)N=C(O2)C)C3=[N+](C4=CC=CC=C4N3C(C)(C)C)C.CC1=C(C2=C(C=C1)N=C(O2)CC(C)C)C3=[N+](C4=CC=CC=C4N3C(C)(C)C)C.CC1=C(C2=C(C=C1)N=C(O2)C3CCCCC3)C4=[N+](C5=CC=CC=C5N4C(C)(C)C)C.CC1=C(C2=C(C=C1)N=C(O2)C3CCCC3)C4=[N+](C5=CC=CC=C5N4C(C)(C)C)C.CC1=C(C2=C(C=C1)N=C(O2)C3=CC=CC=C3)C4=[N+](C5=CC=CC=C5N4C(C)(C)C)C.CC1=C(C2=C(C=C1)N=C(O2)C3=C(C=C(C=C3C)C4=CC=CC=C4)C)C5=[N+](C6=CC=CC=C6N5C(C)(C)C)C.CC1=C(C2=C(C=C1)N=C(O2)C(C)C)C3=[N+](C4=CC=CC=C4N3C(C)(C)C)C.CC1=C(C2=C(C=C1)N=C(O2)C(C)(C)C)C3=[N+](C4=CC=CC=C4N3C(C)(C)C)C,C231H264N27O9+9,27,0,18,54.57157999999969,3560.0981008088115,267,313.5599999999999,0.851511672407195,3,0.4822605891162254,0.12096774193548387,0.21129095373066925,0.3016141655258546,0.39193737732104006,0.24153255368555596,0.19341921288131675
157769449,"2-(2,6-dimethyl-4-phenyl-phenyl)-6-methyl-7-[1-methyl-3-(1-naphthyl)benzimidazol-1-ium-2-yl]-1,3-benzoxazole",CC1=C(C2=C(C=C1)N=C(O2)C3=C(C=C(C=C3C)C4=CC=CC=C4)C)C5=[N+](C6=CC=CC=C6N5C7=CC=CC8=CC=CC=C87)C,C40H32N3O+,3,0,4,9.675659999999995,570.2539890640901,44,34.84,1.2629161882893225,2,0.5035582343335766,0.17857142857142858,0.2598181300119656,0.3410648314525026,0.42231153289303963,0.2998684932997346,0.26364815419667675
24077740,N-[3-(1H-benzimidazol-2-yl)phenyl]-4-phenyl-benzamide,C1=CC=C(C=C1)C2=CC=C(C=C2)C(=O)NC3=CC=CC(=C3)C4=NC5=CC=CC=C5N4,C26H19N3O,2,2,4,6.149200000000004,389.1528122280001,30,57.78,0.5192107995846313,1,0.9999999999999998,1.0,1.0,0.9999999999999999,0.9999999999999998,0.9999999999999999,1.0
129119844,2-[4-[4-methyl-6-(1-methylbenzimidazol-2-yl)-2-propyl-benzimidazole-1-carbonyl]phenyl]benzoyl chloride,CCCC1=NC2=C(N1C(=O)C3=CC=C(C=C3)C4=CC=CC=C4C(=O)Cl)C=C(C=C2C)C5=NC6=CC=CC=C6N5C,C33H27ClN4O2,6,0,6,7.585420000000006,546.182253784,40,69.78,0.5732301519059902,2,0.47044162657010896,0.20930232558139536,0.27458715082857377,0.33987197607575215,0.4051568013229305,0.31379057744205474,0.2897106364234983
72949346,N-[3-(1H-benzimidazol-2-yl)-4-chloro-phenyl]-4-[4-(trifluoromethyl)phenyl]benzamide,C1=CC=C2C(=C1)NC(=N2)C3=C(C=CC(=C3)NC(=O)C4=CC=C(C=C4)C5=CC=C(C=C5)C(F)(F)F)Cl,C27H17ClF3N3O,2,2,4,7.821400000000005,491.101224504,35,57.78,0.6057459328487366,1,0.9762741664221456,0.5932203389830508,0.6889837958428245,0.7847472527025983,0.8805107095623719,0.7610162231814382,0.7380028282364998
1015843,"3,5-dichloro-4-methoxy-N-(3-oxazolo[4,5-b]pyridin-2-ylphenyl)benzamide",COC1=C(C=C(C=C1Cl)C(=O)NC2=CC=CC(=C2)C3=NC4=C(O3)C=CC=N4)Cl,C20H13Cl2N3O3,5,1,4,5.457500000000002,413.033396636,28,77.25,0.3624595469255663,1,0.8243839870329606,0.3194444444444444,0.44567933009157346,0.5719142157387025,0.6981491013858316,0.5131713989951506,0.4604622118135245
1215765,"4-iodo-N-(3-oxazolo[4,5-b]pyridin-2-ylphenyl)benzamide",C1=CC(=CC(=C1)NC(=O)C2=CC=C(C=C2)I)C3=NC4=C(O3)C=CC=N4,C19H12IN3O2,4,1,3,4.746700000000002,440.997424624,25,68.02000000000001,0.3675389591296676,0,0.8499346917479401,0.390625,0.505452422936985,0.62027984587397,0.7351072688109551,0.576199391672743,0.5352515339205408
1047487,"N-[3-(1,3-benzoxazol-2-yl)phenyl]-3-methyl-benzofuran-2-carboxamide",CC1=C(OC2=CC=CC=C12)C(=O)NC3=CC=CC(=C3)C4=NC5=CC=CC=C5O4,C23H16N2O3,4,1,3,5.801720000000003,368.116092372,28,68.27000000000001,0.4101362238171964,1,0.8677882605306887,0.36923076923076925,0.4938701420557491,0.6185095148807289,0.7431488877057089,0.5660513465801291,0.5180423570799308
159866353,"2-(2,6-dimethyl-4-phenyl-phenyl)-6-methyl-7-(1-methyl-3-phenyl-benzimidazol-1-ium-2-yl)-1,3-benzoxazole",CC1=C(C2=C(C=C1)N=C(O2)C3=C(C=C(C=C3C)C4=CC=CC=C4)C)C5=[N+](C6=CC=CC=C6N5C7=CC=CC=C7)C,C36H30N3O+,3,0,4,8.522460000000004,520.23833900009,40,34.84,1.148105625717566,2,0.5077317328231667,0.175,0.25818293320579166,0.3413658664115834,0.42454879961737507,0.2980822927381869,0.26028687102806125
2085397,4-(1H-benzimidazol-2-ylsulfanyl)-1-(4-phenylpiperazin-1-yl)butan-1-one,C1CN(CCN1C2=CC=CC=C2)C(=O)CCCSC3=NC4=CC=CC=C4N3,C21H24N4OS,4,1,6,3.7840000000000025,380.167082388,27,52.23,0.5169442848937392,0,0.7165571690204507,0.3088235294117647,0.4107569393139362,0.5126903492161077,0.6146237591182793,0.4704144066269634,0.4316244967367635
7151240,"N-(3-imidazo[2,1-b]thiazol-6-ylphenyl)-2,4-dimethoxy-benzamide",COC1=CC(=C(C=C1)C(=O)NC2=CC=CC(=C2)C3=CN4C=CSC4=N3)OC,C20H17N3O3S,6,1,5,4.332300000000004,379.0990624040001,27,64.86,0.4162812210915819,0,0.7186320839547731,0.28,0.3896580209886933,0.49931604197738655,0.6089740629660798,0.44857216086972723,0.4029852169589403
72949527,"2-[3-(1H-benzimidazol-2-yl)-4-chloro-phenyl]-6-phenyl-3,4-dihydroisoquinolin-1-one",C1CN(C(=O)C2=C1C=C(C=C2)C3=CC=CC=C3)C4=CC(=C(C=C4)Cl)C5=NC6=CC=CC=C6N5,C28H20ClN3O,2,1,3,6.753200000000004,449.12948994,33,48.99,0.6736068585425596,1,0.8827041248513678,0.352112676056338,0.48476053825509546,0.6174084004538529,0.7500562626526104,0.5575045395038349,0.5034128323147331
72949706,N-[3-(1H-benzimidazol-2-yl)phenyl]-2-methyl-4-[4-(trifluoromethyl)phenyl]benzamide,CC1=C(C=CC(=C1)C2=CC=C(C=C2)C(F)(F)F)C(=O)NC3=CC=CC(=C3)C4=NC5=CC=CC=C5N4,C28H20F3N3O,2,2,4,7.476420000000003,471.15584692,35,57.78,0.6057459328487366,1,0.982765916147013,0.6724137931034483,0.7500018238643394,0.8275898546252307,0.9051778853861219,0.812911654123127,0.7984937873706166
1721399,"N-[3-(1,3-benzothiazol-2-yl)phenyl]-3,4-dichloro-benzamide",C1=CC=C2C(=C1)N=C(S2)C3=CC(=CC=C3)NC(=O)C4=CC(=C(C=C4)Cl)Cl,C20H12Cl2N2OS,3,1,3,6.522400000000003,398.004739364,26,41.99,0.6191950464396284,1,0.891176694428033,0.4426229508196721,0.5547613867217623,0.6668998226238526,0.7790382585259428,0.6280567316647894,0.5914760280449788
950472,"N-(3-imidazo[1,2-a]pyridin-2-ylphenyl)-3-methyl-benzamide",CC1=CC(=CC=C1)C(=O)NC2=CC=CC(=C2)C3=CN4C=CC=CC4=N3,C21H17N3O,3,1,3,4.562020000000003,327.137162164,25,46.400000000000006,0.5387931034482758,0,0.945569545018322,0.36923076923076925,0.5133154631776574,0.6574001571245456,0.8014848510714339,0.5908750887186762,0.5310819699152576
90031015,N-[3-(1H-benzimidazol-2-yl)-4-chloro-phenyl]-4-(3-fluorophenyl)benzamide,C1=CC=C2C(=C1)NC(=N2)C3=C(C=CC(=C3)NC(=O)C4=CC=C(C=C4)C5=CC(=CC=C5)F)Cl,C26H17ClFN3O,2,2,4,6.9417000000000035,441.104418064,32,57.78,0.5538248528902734,1,0.9937031904823711,0.6271186440677966,0.7187647806714402,0.8104109172750839,0.9020570538787275,0.789411044653638,0.7689553338156978
714133,"3,4-dimethyl-N-(3-oxazolo[4,5-b]pyridin-2-ylphenyl)benzamide",CC1=C(C=C(C=C1)C(=O)NC2=CC=CC(=C2)C3=NC4=C(O3)C=CC=N4)C,C21H17N3O2,4,1,3,4.758940000000003,343.13207678400005,26,68.02000000000001,0.3822405174948544,0,0.8679242367120819,0.3582089552238806,0.4856377755959309,0.6130665959679812,0.7404954163400316,0.5575824907994501,0.5071198399828593
3328686,"N-[3-(5,6-dimethyl-1,3-benzoxazol-2-yl)phenyl]-4-isobutoxy-benzamide",CC1=CC2=C(C=C1C)OC(=N2)C3=CC(=CC=C3)NC(=O)C4=CC=C(C=C4)OCC(C)C,C26H26N2O3,4,1,6,6.398740000000005,414.194342692,31,64.36,0.4816656308266003,1,0.786892914611788,0.36619718309859156,0.4713711159768907,0.5765450488551898,0.6817189817334889,0.5368034730989334,0.4998013065991199
95790833,"N-(3-imidazo[2,1-b]thiazol-6-ylphenyl)-3-methyl-thieno[3,2-b]pyridine-6-carboxamide",CC1=CSC2=C1N=CC(=C2)C(=O)NC3=CC=CC(=C3)C4=CN5C=CSC5=N4,C20H14N4OS2,6,1,3,5.233220000000003,390.060903068,27,59.290000000000006,0.4553887670770787,1,0.737386455964248,0.3026315789473684,0.41132029820158833,0.5200090174558082,0.6286977367100282,0.4723943558753264,0.42913953406938554
118207683,N-[3-(1H-benzimidazol-2-yl)-5-(trifluoromethyl)phenyl]-2-methyl-4-[4-(trifluoromethyl)phenyl]benzamide,CC1=C(C=CC(=C1)C2=CC=C(C=C2)C(F)(F)F)C(=O)NC3=CC(=CC(=C3)C(F)(F)F)C4=NC5=CC=CC=C5N4,C29H19F6N3O,2,2,4,8.495220000000002,539.143231548,39,57.78,0.6749740394600208,2,0.9538719135905942,0.5396825396825397,0.6432298831595533,0.7467772266365669,0.8503245701135805,0.7174872938654844,0.6893461644203929
2284334,"N-(2-chloro-5-oxazolo[4,5-b]pyridin-2-yl-phenyl)-4-phenyl-benzamide",C1=CC=C(C=C1)C2=CC=C(C=C2)C(=O)NC3=C(C=CC(=C3)C4=NC5=C(O4)C=CC=N5)Cl,C25H16ClN3O2,4,1,4,6.462500000000004,425.093104432,31,68.02000000000001,0.4557483093207879,1,0.8772731297904156,0.3382352941176471,0.47299475303583915,0.6077542119540313,0.7425136708722235,0.5447244579382956,0.4882314745662566
90031313,N-[3-(1H-benzimidazol-2-yl)-4-bromo-phenyl]-2-methyl-4-[4-(trifluoromethyl)phenyl]benzamide,CC1=C(C=CC(=C1)C2=CC=C(C=C2)C(F)(F)F)C(=O)NC3=CC(=C(C=C3)Br)C4=NC5=CC=CC=C5N4,C28H19BrF3N3O,2,2,4,8.238920000000002,549.0663589879999,36,57.78,0.6230529595015576,2,0.9592515738567258,0.4852941176470588,0.6037834816994756,0.7222728457518923,0.840762209804309,0.6822896350790859,0.6445197945268768
90031745,N-[3-(1H-benzimidazol-2-yl)-4-methyl-phenyl]-2-methyl-4-[4-(trifluoromethyl)phenyl]benzamide,CC1=C(C=C(C=C1)NC(=O)C2=C(C=C(C=C2)C3=CC=C(C=C3)C(F)(F)F)C)C4=NC5=CC=CC=C5N4,C29H22F3N3O,2,2,4,7.784840000000004,485.171496984,36,57.78,0.6230529595015576,1,0.9762340794686771,0.5076923076923077,0.6248277506364001,0.7419631935804925,0.8590986365245847,0.7040074805379047,0.6679934219669078
72948987,N-[3-(1H-benzimidazol-2-yl)-4-chloro-phenyl]-4-(4-fluorophenyl)-2-methyl-benzamide,CC1=C(C=CC(=C1)C2=CC=C(C=C2)F)C(=O)NC3=CC(=C(C=C3)Cl)C4=NC5=CC=CC=C5N4,C27H19ClFN3O,2,2,4,7.2501200000000035,455.12006812800007,33,57.78,0.5711318795430945,1,0.989054343424841,0.48484848484848486,0.6108999494925739,0.7369514141366629,0.863002878780752,0.692489349984783,0.650709789876893
4061139,"4-methoxy-N-[3-(5-methylimidazo[1,2-a]pyridin-2-yl)phenyl]benzamide",CC1=CC=CC2=NC(=CN12)C3=CC(=CC=C3)NC(=O)C4=CC=C(C=C4)OC,C22H19N3O2,4,1,4,4.5706200000000035,357.147726848,27,55.629999999999995,0.4853496314937983,0,0.9020225419814817,0.3787878787878788,0.5095965445862795,0.6404052103846802,0.771213876183081,0.5845299011137205,0.5335297086211673
72948988,N-[3-(1H-benzimidazol-2-yl)-4-chloro-phenyl]-2-methyl-4-(4-methylsulfonylphenyl)benzamide,CC1=C(C=CC(=C1)C2=CC=C(C=C2)S(=O)(=O)C)C(=O)NC3=CC(=C(C=C3)Cl)C4=NC5=CC=CC=C5N4,C28H22ClN3O3S,4,2,5,6.5145200000000045,515.1070402440001,36,91.92,0.391644908616188,2,0.9358899804727514,0.463768115942029,0.5817985820747096,0.6998290482073902,0.8178595143400708,0.65881403519724,0.6202027967896615
137218540,4-[2-[4-[4-methyl-6-(1-methylbenzimidazol-2-yl)-2-propyl-benzimidazole-1-carbonyl]phenyl]phenyl]-1H-tetrazol-5-one,CCCC1=NC2=C(N1C(=O)C3=CC=C(C=C3)C4=CC=CC=C4N5C(=O)NN=N5)C=C(C=C2C)C6=NC7=CC=CC=C7N6C,C33H28N8O2,9,1,6,5.475420000000004,568.233522136,43,116.28,0.369797041623667,2,0.5915046794513634,0.21739130434782608,0.3109196481237104,0.40444799189959474,0.4979763356754791,0.3585916532684143,0.31793450918084154
72949525,N-[3-(1H-benzimidazol-2-yl)-4-chloro-phenyl]-2-fluoro-4-[4-(trifluoromethyl)phenyl]benzamide,C1=CC=C2C(=C1)NC(=N2)C3=C(C=CC(=C3)NC(=O)C4=C(C=C(C=C4)C5=CC=C(C=C5)C(F)(F)F)F)Cl,C27H16ClF4N3O,2,2,4,7.960500000000004,509.091802692,36,57.78,0.6230529595015576,2,0.9704090112256815,0.47058823529411764,0.5955434292770085,0.7204986232598996,0.8454538172427906,0.6757684989004763,0.6338153181195944
24048838,"N-(3-oxazolo[4,5-b]pyridin-2-ylphenyl)-4-phenyl-benzamide",C1=CC=C(C=C1)C2=CC=C(C=C2)C(=O)NC3=CC=CC(=C3)C4=NC5=C(O4)C=CC=N5,C25H17N3O2,4,1,4,5.809100000000004,391.1320767840001,30,68.02000000000001,0.4410467509556012,1,0.8905555251154259,0.4915254237288136,0.5912829490754666,0.6910404744221197,0.7907979997687729,0.6616121838633232,0.6334371111944588
160169798,"7-(1-tert-butyl-3-methyl-benzimidazol-3-ium-2-yl)-2-(2,6-dimethyl-4-phenyl-phenyl)-6-methyl-1,3-benzoxazole",CC1=C(C2=C(C=C1)N=C(O2)C3=C(C=C(C=C3C)C4=CC=CC=C4)C)C5=[N+](C6=CC=CC=C6N5C(C)(C)C)C,C34H34N3O+,3,0,3,8.288260000000006,500.26963912809,38,34.84,1.0907003444316876,2,0.47269518452183923,0.1728395061728395,0.24780342576008943,0.32276734534733936,0.3977312649345893,0.2858328222283682,0.2531247458602534
90031997,N-[4-chloro-3-(1-methylbenzimidazol-2-yl)phenyl]-2-methyl-4-[4-(trifluoromethyl)phenyl]benzamide,CC1=C(C=CC(=C1)C2=CC=C(C=C2)C(F)(F)F)C(=O)NC3=CC(=C(C=C3)Cl)C4=NC5=CC=CC=C5N4C,C29H21ClF3N3O,3,1,4,8.140220000000001,519.132524632,37,46.92,0.7885763000852515,2,0.8351731135771273,0.3116883116883117,0.4425595121605156,0.5734307126327195,0.7043019131049234,0.510209464571489,0.45395841555674654
157371218,"2-(2,6-dimethyl-4-phenyl-phenyl)-6-methyl-7-[1-methyl-3-(4-phenylphenyl)benzimidazol-1-ium-2-yl]-1,3-benzoxazole",CC1=C(C2=C(C=C1)N=C(O2)C3=C(C=C(C=C3C)C4=CC=CC=C4)C)C5=[N+](C6=CC=CC=C6N5C7=CC=C(C=C7)C8=CC=CC=C8)C,C42H34N3O+,3,0,5,10.189459999999997,596.2696391280901,46,34.84,1.3203214695752008,2,0.5151308970230791,0.1875,0.26940772425576975,0.35131544851153956,0.4332231727673094,0.3107845607359338,0.2749296781597544
1277436,"4-bromo-N-(3-oxazolo[4,5-b]pyridin-2-ylphenyl)benzamide",C1=CC(=CC(=C1)NC(=O)C2=CC=C(C=C2)Br)C3=NC4=C(O3)C=CC=N4,C19H12BrN3O2,4,1,3,4.904600000000003,393.01128872400005,25,68.02000000000001,0.3675389591296676,0,0.8653133380605473,0.390625,0.5092970845151368,0.6279691690302737,0.7466412535454106,0.5813888738872642,0.5382637227268177
4987146,N-[3-(1H-benzimidazol-2-yl)phenyl]-4-(dimethylsulfamoyl)benzamide,CN(C)S(=O)(=O)C1=CC=C(C=C1)C(=O)NC2=CC=CC(=C2)C3=NC4=CC=CC=C4N3,C22H20N4O3S,4,2,5,3.7325000000000017,420.1256115000001,30,95.16,0.3152585119798234,0,0.8886818741423146,0.7222222222222222,0.7638371352022453,0.8054520481822685,0.8470669611622915,0.8011403110514859,0.7968516554649455
4357914,"N-[5-(2,3-dihydro-1,4-benzodioxin-6-yl)-1,3,4-oxadiazol-2-yl]-4-phenyl-benzamide",C1COC2=C(O1)C=CC(=C2)C3=NN=C(O3)NC(=O)C4=CC=C(C=C4)C5=CC=CC=C5,C23H17N3O4,6,1,4,4.427100000000003,399.12190602400005,30,86.47999999999999,0.3469010175763182,0,0.730315676267815,0.36507936507936506,0.4563884428764775,0.54769752067359,0.6390065984707025,0.5163556752853221,0.48680735868851926
2285300,"N-[3-(5,7-dimethyl-1,3-benzoxazol-2-yl)phenyl]naphthalene-2-carboxamide",CC1=CC(=C2C(=C1)N=C(O2)C3=CC(=CC=C3)NC(=O)C4=CC5=CC=CC=C5C=C4)C,C26H20N2O2,3,1,3,6.517140000000005,392.15247788,30,55.13,0.5441683294032287,1,0.8971167680055538,0.3939393939393939,0.5197337374559339,0.6455280809724739,0.7713224244890139,0.5944826623888839,0.5474736828622108
72949166,N-[3-(1H-benzimidazol-2-yl)-4-chloro-phenyl]-4-(4-chlorophenyl)-2-methyl-benzamide,CC1=C(C=CC(=C1)C2=CC=C(C=C2)Cl)C(=O)NC3=CC(=C(C=C3)Cl)C4=NC5=CC=CC=C5N4,C27H19Cl2N3O,2,2,4,7.764420000000004,471.09051758800007,33,57.78,0.5711318795430945,1,0.981679286740173,0.5,0.6204198216850433,0.7408396433700866,0.8612594650551297,0.7005994885596809,0.6625450564946179
90031210,N-[3-(1H-benzimidazol-2-yl)-4-chloro-phenyl]-4-(3-cyanophenyl)-2-methyl-benzamide,CC1=C(C=CC(=C1)C2=CC=CC(=C2)C#N)C(=O)NC3=CC(=C(C=C3)Cl)C4=NC5=CC=CC=C5N4,C28H19ClN4O,3,2,4,6.982700000000004,462.124738908,34,81.57,0.4168199092803727,1,0.9765155644874172,0.4714285714285714,0.5977003196932829,0.7239720679579943,0.8502438162227057,0.6784963799049101,0.6358772084156963
1016640,"3-chloro-4-methyl-N-(3-oxazolo[4,5-b]pyridin-2-ylphenyl)benzamide",CC1=C(C=C(C=C1)C(=O)NC2=CC=CC(=C2)C3=NC4=C(O3)C=CC=N4)Cl,C20H14ClN3O2,4,1,3,5.103920000000002,363.077454368,26,68.02000000000001,0.3822405174948544,1,0.8707633834805201,0.34285714285714286,0.4748337030129871,0.6068102631688315,0.7387868233246758,0.5463949540074009,0.4919947204018954
90032214,N-[3-(1H-benzimidazol-2-yl)-4-chloro-phenyl]-3-methyl-4-[4-(trifluoromethyl)phenyl]benzamide,CC1=C(C=CC(=C1)C(=O)NC2=CC(=C(C=C2)Cl)C3=NC4=CC=CC=C4N3)C5=CC=C(C=C5)C(F)(F)F,C28H19ClF3N3O,2,2,4,8.129820000000004,505.11687456800007,36,57.78,0.6230529595015576,2,0.9691548236578064,0.5,0.6172887059144516,0.7345774118289032,0.8518661177433547,0.6961159471157827,0.6596682718876882
15991532,N-[3-(1H-benzimidazol-2-yl)phenyl]-4-propoxy-benzamide,CCCOC1=CC=C(C=C1)C(=O)NC2=CC=CC(=C2)C3=NC4=CC=CC=C4N3,C23H21N3O2,3,2,6,5.271000000000004,371.1633769120001,28,67.00999999999999,0.4178480823757649,1,0.9149838105316156,0.7090909090909091,0.7605641344510857,0.8120373598112623,0.863510585171439,0.8054853828675772,0.7989862709815793
2278833,"N-[3-(1,3-benzothiazol-2-yl)-2-methyl-phenyl]-4-phenyl-benzamide",CC1=C(C=CC=C1NC(=O)C2=CC=C(C=C2)C3=CC=CC=C3)C4=NC5=CC=CC=C5S4,C27H20N2OS,3,1,4,7.191020000000005,420.12963426,31,41.99,0.7382710169087878,1,0.8904380140920154,0.3968253968253968,0.5202285511420515,0.6436317054587061,0.7670348597753608,0.5944311720380101,0.5489916287431125
159866344,"2-tert-butyl-6-methyl-7-(1-methyl-3-phenyl-benzimidazol-1-ium-2-yl)-1,3-benzoxazole;2-cyclohexyl-6-methyl-7-(1-methyl-3-phenyl-benzimidazol-1-ium-2-yl)-1,3-benzoxazole;2-cyclopentyl-6-methyl-7-(1-methyl-3-phenyl-benzimidazol-1-ium-2-yl)-1,3-benzoxazole;2,6-dimethyl-7-(1-methyl-3-phenyl-benzimidazol-1-ium-2-yl)-1,3-benzoxazole;2-(2,6-dimethylphenyl)-6-methyl-7-(1-methyl-3-phenyl-benzimidazol-1-ium-2-yl)-1,3-benzoxazole;2-(2,6-dimethyl-4-phenyl-phenyl)-6-methyl-7-(1-methyl-3-phenyl-benzimidazol-1-ium-2-yl)-1,3-benzoxazole;2-isobutyl-6-methyl-7-(1-methyl-3-phenyl-benzimidazol-1-ium-2-yl)-1,3-benzoxazole;2-isopropyl-6-methyl-7-(1-methyl-3-phenyl-benzimidazol-1-ium-2-yl)-1,3-benzoxazole;6-methyl-7-(1-methyl-3-phenyl-benzimidazol-1-ium-2-yl)-2-phenyl-1,3-benzoxazole",CC1=C(C(=CC=C1)C)C2=NC3=C(O2)C(=C(C=C3)C)C4=[N+](C5=CC=CC=C5N4C6=CC=CC=C6)C.CC1=C(C2=C(C=C1)N=C(O2)C)C3=[N+](C4=CC=CC=C4N3C5=CC=CC=C5)C.CC1=C(C2=C(C=C1)N=C(O2)CC(C)C)C3=[N+](C4=CC=CC=C4N3C5=CC=CC=C5)C.CC1=C(C2=C(C=C1)N=C(O2)C3CCCCC3)C4=[N+](C5=CC=CC=C5N4C6=CC=CC=C6)C.CC1=C(C2=C(C=C1)N=C(O2)C3CCCC3)C4=[N+](C5=CC=CC=C5N4C6=CC=CC=C6)C.CC1=C(C2=C(C=C1)N=C(O2)C3=CC=CC=C3)C4=[N+](C5=CC=CC=C5N4C6=CC=CC=C6)C.CC1=C(C2=C(C=C1)N=C(O2)C3=C(C=C(C=C3C)C4=CC=CC=C4)C)C5=[N+](C6=CC=CC=C6N5C7=CC=CC=C7)C.CC1=C(C2=C(C=C1)N=C(O2)C(C)C)C3=[N+](C4=CC=CC=C4N3C5=CC=CC=C5)C.CC1=C(C2=C(C=C1)N=C(O2)C(C)(C)C)C3=[N+](C4=CC=CC=C4N3C5=CC=CC=C5)C,C249H228N27O9+9,27,0,27,56.67937999999961,3739.8163996568114,285,313.5599999999999,0.9089169536930736,3,0.48682914234467844,0.12,0.2117072855861696,0.3034145711723392,0.39512185675850886,0.24170125585391858,0.19254018307571388
3125070,N-[3-(1H-benzimidazol-2-yl)-4-chloro-phenyl]-4-phenyl-benzamide,C1=CC=C(C=C1)C2=CC=C(C=C2)C(=O)NC3=CC(=C(C=C3)Cl)C4=NC5=CC=CC=C5N4,C26H18ClN3O,2,2,4,6.8026000000000035,423.113839876,31,57.78,0.5365178262374524,1,0.9965344601429595,0.7115384615384616,0.782787461189586,0.8540364608407105,0.925285460491835,0.8420644848467265,0.830260333314311
