cid,iupac_name,smiles_canonical,molecular_formula,hydrogen_bond_acceptors,hydrogen_bond_donors,rotatable_bonds,log_p,molecular_weight,heavy_atom_count,polar_surface_area,atom_surface_coefficient,no_lipinski_violations
13526688,1-ethyl-5-fluoro-2-(5-nitro-2-furyl)benzimidazole,CCN1C2=C(C=C(C=C2)F)N=C1C3=CC=C(O3)[N+](=O)[O-],C13H10FN3O3,5,0,3,3.363500000000002,275.0706194,20,74.1,0.2699055330634278,0
65017831,"2-(3,4-dimethoxyphenyl)-6-methoxy-1H-benzimidazole",COC1=CC2=C(C=C1)N=C(N2)C3=CC(=C(C=C3)OC)OC,C16H16N2O3,4,1,4,3.255700000000002,284.116092372,21,56.370000000000005,0.37253858435337944,0
132549338,"2-[6-(3,5-dimethylpyrazol-1-yl)-2-pyridyl]-5,6-dimethyl-1H-benzimidazole",CC1=CC2=C(C=C1C)N=C(N2)C3=NC(=CC=C3)N4C(=CC(=N4)C)C,C19H19N5,4,1,2,4.044280000000001,317.16404560800004,24,59.39,0.40410843576359656,0
376351,4-(6-chloro-1H-benzimidazol-2-yl)benzoic acid,C1=CC(=CC=C1C2=NC3=C(N2)C=C(C=C3)Cl)C(=O)O,C14H9ClN2O2,2,2,2,3.581500000000001,272.035255208,19,65.98,0.28796605031827827,0
19224653,"2-(3,4-dichlorophenyl)-6-methyl-1H-benzimidazole",CC1=CC2=C(C=C1)N=C(N2)C3=CC(=C(C=C3)Cl)Cl,C14H10Cl2N2,1,1,1,4.845120000000001,276.02210368,18,28.68,0.6276150627615062,0
15895244,[5-(4-amino-1H-benzimidazol-2-yl)-2-furyl]phosphonic acid,C1=CC(=C2C(=C1)NC(=N2)C3=CC=C(O3)P(=O)(O)O)N,C11H10N3O4P,4,4,2,1.2080999999999995,279.04089243,19,125.37,0.15155140783281487,0
12283192,4-methyl-2-(1-methylbenzimidazol-2-yl)thiazole,CC1=CSC(=N1)C2=NC3=CC=CC=C3N2C,C12H11N3S,4,0,1,3.0052200000000013,229.067368352,16,30.71,0.5210029306414848,0
10956241,"2-(1-methyl-3,6-dihydro-2H-pyridin-5-yl)-6-nitro-1H-benzimidazole",CN1CCC=C(C1)C2=NC3=C(N2)C=C(C=C3)[N+](=O)[O-],C13H14N4O2,4,1,2,2.1899999999999995,258.111675688,19,75.06,0.253130828670397,0
102081788,1-[6-(1H-benzimidazol-2-yl)-2-pyridyl]ethanone,CC(=O)C1=CC=CC(=N1)C2=NC3=CC=CC=C3N2,C14H11N3O,3,1,2,2.8275000000000006,237.090211972,18,58.64,0.3069577080491132,0
624993,6-nitro-2-(3-nitrophenyl)-1H-benzimidazole,C1=CC(=CC(=C1)[N+](=O)[O-])C2=NC3=C(N2)C=C(C=C3)[N+](=O)[O-],C13H8N4O4,5,1,3,3.0463000000000013,284.05455473599994,21,114.96000000000001,0.18267223382045927,0
129754457,1-methyl-2-(5-nitro-3-thienyl)benzimidazole,CN1C2=CC=CC=C2N=C1C3=CSC(=C3)[N+](=O)[O-],C12H9N3O2S,5,0,2,3.2100000000000017,259.041547528,18,60.959999999999994,0.29527559055118113,0
60646299,4-methyl-2-(2-thienyl)-1H-benzimidazole,CC1=C2C(=CC=C1)NC(=N2)C3=CC=CS3,C12H10N2S,2,1,1,3.599820000000001,214.05646932,15,28.68,0.5230125523012552,0
71372432,"(4R)-2-(1H-benzimidazol-2-yl)-4,5-dihydrothiazole-4-carboxylic acid",C1C(N=C(S1)C2=NC3=CC=CC=C3N2)C(=O)O,C11H9N3O2S,4,2,2,1.5095,247.041547528,17,78.34,0.21700280827163645,0
162668556,2-(5-nitro-2-furyl)-N-[4-(trifluoromethyl)phenyl]-3H-benzimidazole-5-carboxamide,C1=CC(=CC=C1C(F)(F)F)NC(=O)C2=CC3=C(C=C2)N=C(N3)C4=CC=C(O4)[N+](=O)[O-],C19H11F3N4O4,5,2,4,5.002200000000003,416.073239492,30,114.06,0.2630194634402946,1
870214,2-(5-methyl-2-thienyl)-1H-benzimidazole,CC1=CC=C(S1)C2=NC3=CC=CC=C3N2,C12H10N2S,2,1,1,3.599820000000002,214.05646932,15,28.68,0.5230125523012552,0
135391728,N-(2-chlorophenyl)-2-(5-nitro-2-furyl)-3H-benzimidazole-5-carboxamide,C1=CC=C(C(=C1)NC(=O)C2=CC3=C(C=C2)N=C(N3)C4=CC=C(O4)[N+](=O)[O-])Cl,C18H11ClN4O4,5,2,4,4.636800000000002,382.04688251199997,27,114.06,0.23671751709626512,0
53439061,5-(1H-benzimidazol-2-yl)furan-2-carboxylic acid,C1=CC=C2C(=C1)NC(=N2)C3=CC=C(O3)C(=O)O,C12H8N2O3,3,2,2,2.5210999999999997,228.053492116,17,79.12,0.21486349848331646,0
12855,2-phenyl-1H-benzimidazole,C1=CC=C(C=C1)C2=NC3=CC=CC=C3N2,C13H10N2,1,1,1,3.2299000000000015,194.08439832,15,28.68,0.5230125523012552,0
132585889,"2-(2-bromo-4,5-dimethoxy-phenyl)-1H-benzimidazole",COC1=C(C=C(C(=C1)C2=NC3=CC=CC=C3N2)Br)OC,C15H13BrN2O2,3,1,3,4.0096000000000025,332.016039756,20,47.14,0.42426813746287656,0
13004835,2-(5-bromo-2-furyl)-6-fluoro-1H-benzimidazole,C1=CC2=C(C=C1F)NC(=N2)C3=CC=C(O3)Br,C11H6BrFN2O,2,1,1,3.724500000000001,279.964753132,16,41.82,0.3825920612147298,0
9899744,4-(6-methyl-1H-benzimidazol-2-yl)benzoic acid,CC1=CC2=C(C=C1)N=C(N2)C3=CC=C(C=C3)C(=O)O,C15H12N2O2,2,2,2,3.2365200000000005,252.089877624,19,65.98,0.28796605031827827,0
135665564,4-(6-chloro-1H-benzimidazol-2-yl)-2-methoxy-phenol,COC1=C(C=CC(=C1)C2=NC3=C(N2)C=C(C=C3)Cl)O,C14H11ClN2O2,3,2,2,3.5975000000000015,274.050905272,19,58.14,0.32679738562091504,0
44024103,1-ethyl-2-(2-pyridyl)benzimidazole,CCN1C2=CC=CC=C2N=C1C3=CC=CC=N3,C14H13N3,3,0,2,3.1182000000000016,223.110947416,17,30.71,0.5535656138065776,0
13004838,6-chloro-2-(5-chloro-2-furyl)-1H-benzimidazole,C1=CC2=C(C=C1Cl)NC(=N2)C3=CC=C(O3)Cl,C11H6Cl2N2O,2,1,1,4.129700000000001,251.985718172,16,41.82,0.3825920612147298,0
19224763,2-(3-methoxyphenyl)-6-methyl-1H-benzimidazole,CC1=CC2=C(C=C1)N=C(N2)C3=CC(=CC=C3)OC,C15H14N2O,2,1,2,3.546920000000002,238.110613068,18,37.91,0.474808757583751,0
67926739,"4-methyl-3-[2-(5-nitro-2-furyl)-3H-benzimidazol-5-yl]-4,5-dihydro-1H-pyridazin-6-one",CC1CC(=O)NN=C1C2=CC3=C(C=C2)N=C(N3)C4=CC=C(O4)[N+](=O)[O-],C16H13N5O4,6,2,3,2.5911999999999997,339.096753896,25,126.42000000000002,0.1977535200126562,0
101384171,6-(1H-benzimidazol-3-ium-2-yl)-1H-pyridin-2-one,C1=CC=C2C(=C1)NC(=[NH+]2)C3=CC=CC(=O)N3,C12H10N3O+,1,2,1,1.3372999999999997,212.08183836009,16,62.79,0.254817646121994,0
60978924,4-fluoro-2-phenyl-1H-benzimidazole,C1=CC=C(C=C1)C2=NC3=C(N2)C=CC=C3F,C13H9FN2,1,1,1,3.3690000000000015,212.074976508,16,28.68,0.5578800557880056,0
49748,6-methyl-2-(6-methyl-2-pyridyl)-1H-benzimidazole,CC1=CC2=C(C=C1)N=C(N2)C3=CC=CC(=N3)C,C14H13N3,2,1,1,3.241740000000001,223.110947416,17,41.57,0.40894876112581185,0
136830892,2-(6-chloro-1H-benzimidazol-2-yl)-4-nitro-phenol,C1=CC(=C(C=C1[N+](=O)[O-])C2=NC3=C(N2)C=C(C=C3)Cl)O,C13H8ClN3O3,4,2,2,3.497100000000001,289.025418796,20,92.05,0.21727322107550245,0
19224098,"2-(2,5-dimethoxyphenyl)-1H-benzimidazole",COC1=CC(=C(C=C1)OC)C2=NC3=CC=CC=C3N2,C15H14N2O2,3,1,3,3.2471000000000014,254.105527688,19,47.14,0.4030547305897327,0
35261173,2-(5-iodo-2-furyl)-1H-benzimidazole,C1=CC=C2C(=C1)NC(=N2)C3=CC=C(O3)I,C11H7IN2O,2,1,1,3.427500000000001,309.96031084400005,15,41.82,0.3586800573888092,0
46906817,2-(2-ethoxyphenyl)-6-nitro-1H-benzimidazole,CCOC1=CC=CC=C1C2=NC3=C(N2)C=C(C=C3)[N+](=O)[O-],C15H13N3O3,4,1,4,3.536800000000002,283.095691276,21,81.05,0.2590993214065392,0
145720,2-(5-nitro-2-furyl)-1H-benzimidazole,C1=CC=C2C(=C1)NC(=N2)C3=CC=C(O3)[N+](=O)[O-],C11H7N3O3,4,1,2,2.7311000000000005,229.048741084,17,84.96,0.20009416195856874,0
136236762,2-[1-(1H-benzimidazol-2-yl)ethylideneamino]acetic acid,CC(=NCC(=O)O)C1=NC2=CC=CC=C2N1,C11H11N3O2,3,2,3,1.4565,217.085126592,16,78.34,0.2042379371968343,0
64723134,2-(5-chloro-2-thienyl)-4-fluoro-1H-benzimidazole,C1=CC2=C(C(=C1)F)N=C(N2)C3=CC=C(S3)Cl,C11H6ClFN2S,2,1,1,4.083900000000001,251.992425092,16,28.68,0.5578800557880056,0
101432364,1-[6-(1-isopropylbenzimidazol-2-yl)-2-pyridyl]ethanone,CC(C)N1C2=CC=CC=C2N=C1C3=NC(=CC=C3)C(=O)C,C17H17N3O,4,0,3,3.881800000000003,279.137162164,21,47.78,0.4395144411887819,0
2738961,"2-(1,3-benzodioxol-5-yl)-4,5,6,7-tetramethyl-1H-benzimidazole",CC1=C(C(=C2C(=C1C)NC(=N2)C3=CC4=C(C=C3)OCO4)C)C,C18H18N2O2,3,1,1,4.192280000000004,294.136827816,22,47.14,0.4666949512091642,0
3914691,2-(2-chloro-5-nitro-phenyl)-1H-benzimidazole,C1=CC=C2C(=C1)NC(=N2)C3=C(C=CC(=C3)[N+](=O)[O-])Cl,C13H8ClN3O2,3,1,2,3.791500000000002,273.030504176,19,71.82,0.2645502645502646,0
103597103,6-bromo-2-(3-nitrophenyl)-1H-benzimidazole,C1=CC(=CC(=C1)[N+](=O)[O-])C2=NC3=C(N2)C=C(C=C3)Br,C13H8BrN3O2,3,1,2,3.9006000000000007,316.979988596,19,71.82,0.2645502645502646,0
44376987,"2-(5,6-dimethyl-2-pyridyl)-6-methyl-1H-benzimidazole",CC1=CC2=C(C=C1)N=C(N2)C3=NC(=C(C=C3)C)C,C15H15N3,2,1,1,3.5501600000000018,237.12659748,18,41.57,0.4330045706038008,0
6494190,4-(1-methylbenzimidazol-2-yl)butanoic acid,CN1C2=CC=CC=C2N=C1CCCC(=O)O,C12H14N2O2,3,1,4,1.9806,218.105527688,16,55.120000000000005,0.29027576197387517,0
5056728,6-chloro-2-(2-furyl)-1H-benzimidazole,C1=COC(=C1)C2=NC3=C(N2)C=C(C=C3)Cl,C11H7ClN2O,2,1,1,3.476300000000001,218.024690524,15,41.82,0.3586800573888092,0
11481606,4-(1-ethylbenzimidazol-2-yl)thiazole,CCN1C2=CC=CC=C2N=C1C3=CSC=N3,C12H11N3S,4,0,2,3.1797000000000013,229.067368352,16,30.71,0.5210029306414848,0
102500395,2-[6-(1H-benzimidazol-2-yl)-2-pyridyl]propan-2-ol,CC(C)(C1=CC=CC(=N1)C2=NC3=CC=CC=C3N2)O,C15H15N3O,3,2,2,2.852300000000001,253.1215121,19,61.8,0.3074433656957929,0
3065145,5-(6-chloro-1H-benzimidazol-2-yl)furan-2-carbaldehyde,C1=CC2=C(C=C1Cl)NC(=N2)C3=CC=C(O3)C=O,C12H7ClN2O2,3,1,2,3.288800000000001,246.019605144,17,58.89,0.2886737986075734,0
137435136,4-(4-chloro-1-methyl-benzimidazol-2-yl)thiazole,CN1C2=C(C(=CC=C2)Cl)N=C1C3=CSC=N3,C11H8ClN3S,4,0,1,3.350200000000002,249.012745936,16,30.71,0.5210029306414848,0
44376973,6-methyl-2-(5-methyl-2-pyridyl)-1H-benzimidazole,CC1=CC2=C(C=C1)N=C(N2)C3=NC=C(C=C3)C,C14H13N3,2,1,1,3.241740000000001,223.110947416,17,41.57,0.40894876112581185,0
4915302,"6-chloro-2-(3,4-dimethoxyphenyl)-1H-benzimidazole",COC1=C(C=C(C=C1)C2=NC3=C(N2)C=C(C=C3)Cl)OC,C15H13ClN2O2,3,1,3,3.900500000000002,288.066555336,20,47.14,0.42426813746287656,0
23656017,"6-(trifluoromethyl)-2-(3,4,5-trimethoxyphenyl)-1H-benzimidazole",COC1=CC(=CC(=C1OC)OC)C2=NC3=C(N2)C=C(C=C3)C(F)(F)F,C17H15F3N2O3,4,1,4,4.274500000000002,352.10347700000005,25,56.37,0.44349831470640416,0
4384356,2-(1H-benzimidazol-2-yl)-4-nitro-phenol,C1=CC=C2C(=C1)NC(=N2)C3=C(C=CC(=C3)[N+](=O)[O-])O,C13H9N3O3,4,2,2,2.8437000000000014,255.064391148,19,92.05,0.20640956002172733,0
20347800,2-(5-methyl-2-pyridyl)-1H-benzimidazole,CC1=CN=C(C=C1)C2=NC3=CC=CC=C3N2,C13H11N3,2,1,1,2.93332,209.095297352,16,41.57,0.38489295164782295,0
56796621,"2-(7-chloro-1,3-benzodioxol-5-yl)-5,6-difluoro-1H-benzimidazole",C1OC2=C(O1)C(=CC(=C2)C3=NC4=CC(=C(C=C4N3)F)F)Cl,C14H7ClF2N2O2,3,1,1,3.890200000000001,308.016411584,21,47.14,0.4454815443360204,0
102300723,6-(1-butyl-6-methyl-benzimidazol-2-yl)pyridine-2-carboxylic acid,CCCCN1C2=C(C=CC(=C2)C)N=C1C3=NC(=CC=C3)C(=O)O,C18H19N3O2,4,1,5,3.905020000000002,309.147726848,23,68.01,0.33818556094691954,0
64724971,4-(4-fluoro-1H-benzimidazol-2-yl)thiazole,C1=CC2=C(C(=C1)F)N=C(N2)C3=CSC=N3,C10H6FN3S,3,1,1,2.825500000000001,219.026646412,15,41.57,0.36083714216983404,0
755544,"2-(3,4,5-trimethoxyphenyl)-1H-benzimidazole",COC1=CC(=CC(=C1OC)OC)C2=NC3=CC=CC=C3N2,C16H16N2O3,4,1,4,3.255700000000001,284.116092372,21,56.37,0.3725385843533795,0
44376998,"2-(5,6-dimethyl-2-pyridyl)-1H-benzimidazole",CC1=C(N=C(C=C1)C2=NC3=CC=CC=C3N2)C,C14H13N3,2,1,1,3.241740000000001,223.110947416,17,41.57,0.40894876112581185,0
834883,4-chloro-2-phenyl-1H-benzimidazole,C1=CC=C(C=C1)C2=NC3=C(N2)C=CC=C3Cl,C13H9ClN2,1,1,1,3.883300000000001,228.045425968,16,28.68,0.5578800557880056,0
66937239,1-(5-acetamido-6-chloro-1H-benzimidazol-2-yl)pyrazole-4-carboxylic acid,CC(=O)NC1=C(C=C2C(=C1)N=C(N2)N3C=C(C=N3)C(=O)O)Cl,C13H10ClN5O3,5,3,3,2.0585999999999998,319.04721685999993,22,112.89999999999999,0.19486271036315325,0
71344812,1-methyl-2-(6-methyl-2-pyridyl)benzimidazole,CC1=NC(=CC=C1)C2=NC3=CC=CC=C3N2C,C14H13N3,3,0,1,2.943720000000001,223.110947416,17,30.71,0.5535656138065776,0
102268663,[5-(1H-benzimidazol-2-yl)-2-furyl]methanol,C1=CC=C2C(=C1)NC(=N2)C3=CC=C(O3)CO,C12H10N2O2,3,2,2,2.3152000000000004,214.07422756,16,62.05,0.25785656728444806,0
12704358,"4,6-dichloro-2-(5-methyl-2-furyl)-1H-benzimidazole",CC1=CC=C(O1)C2=NC3=C(N2)C=C(C=C3Cl)Cl,C12H8Cl2N2O,2,1,1,4.4381200000000005,266.00136823599996,17,41.82,0.4065040650406504,0
13971341,2-(2-furyl)-7-methyl-3H-benzimidazol-4-ol,CC1=C2C(=C(C=C1)O)NC(=N2)C3=CC=CO3,C12H10N2O2,3,2,1,2.83692,214.07422756,16,62.05,0.25785656728444806,0
49747,2-(6-ethyl-2-pyridyl)-1H-benzimidazole,CCC1=NC(=CC=C1)C2=NC3=CC=CC=C3N2,C14H13N3,2,1,2,3.1873000000000014,223.110947416,17,41.57,0.40894876112581185,0
3556705,1-(6-methyl-1H-benzimidazol-2-yl)piperidine-4-carboxylic acid,CC1=CC2=C(C=C1)N=C(N2)N3CCC(CC3)C(=O)O,C14H17N3O2,3,2,2,2.1723199999999996,259.132076784,19,69.22,0.2744871424443802,0
6991896,2-pyrrolidin-1-yl-1H-benzimidazole,C1CCN(C1)C2=NC3=CC=CC=C3N2,C11H13N3,2,1,1,2.1631,187.110947416,14,31.92,0.43859649122807015,0
2757924,2-(3-chloro-2-thienyl)-3H-benzimidazole-5-carboxylic acid,C1=CC2=C(C=C1C(=O)O)NC(=N2)C3=C(C=CS3)Cl,C12H7ClN2O2S,3,2,2,3.6430000000000007,277.991676144,18,65.97999999999999,0.27280994240678996,0
2871507,5-(1-methylbenzimidazol-2-yl)furan-2-sulfonic acid,CN1C2=CC=CC=C2N=C1C3=CC=C(O3)S(=O)(=O)O,C12H10N2O4S,5,1,2,2.08,278.0361278,19,85.33,0.22266494784952537,0
56239,6-chloro-2-(4-methoxyphenyl)-1H-benzimidazole,COC1=CC=C(C=C1)C2=NC3=C(N2)C=C(C=C3)Cl,C14H11ClN2O,2,1,2,3.8919000000000015,258.055990652,18,37.91,0.474808757583751,0
129794067,2-(3-bromo-2-furyl)-1H-benzimidazole,C1=CC=C2C(=C1)NC(=N2)C3=C(C=CO3)Br,C11H7BrN2O,2,1,1,3.585400000000001,261.974174944,15,41.82,0.3586800573888092,0
21613155,2-(2-pyridyl)-4-(trifluoromethyl)-1H-benzimidazole,C1=CC=NC(=C1)C2=NC3=C(C=CC=C3N2)C(F)(F)F,C13H8F3N3,2,1,1,3.643700000000001,263.067031916,19,41.57,0.45706038008178973,0
122401313,"2-(2,6-dideuteriophenyl)-1H-benzimidazole",C1=CC=C(C=C1)C2=NC3=CC=CC=C3N2,C13H10N2,1,1,1,3.2299000000000015,194.08439832,15,28.68,0.5230125523012552,0
3849182,2-(4-ethoxyphenyl)-6-methyl-1H-benzimidazole,CCOC1=CC=C(C=C1)C2=NC3=C(N2)C=C(C=C3)C,C16H16N2O,2,1,3,3.937020000000002,252.126263132,19,37.91,0.5011870218939595,0
13415796,2-cyclobutyl-1H-benzimidazole,C1CC(C1)C2=NC3=CC=CC=C3N2,C11H12N2,1,1,1,2.830400000000001,172.100048384,13,28.68,0.45327754532775455,0
102883692,6-chloro-2-(2-fluoro-4-methoxy-phenyl)-1H-benzimidazole,COC1=CC(=C(C=C1)C2=NC3=C(N2)C=C(C=C3)Cl)F,C14H10ClFN2O,2,1,2,4.031000000000001,276.04656884,19,37.91,0.5011870218939595,0
64723114,"2-(2,5-dimethoxyphenyl)-6-fluoro-1H-benzimidazole",COC1=CC(=C(C=C1)OC)C2=NC3=C(N2)C=C(C=C3)F,C15H13FN2O2,3,1,3,3.3862000000000014,272.096105876,20,47.14,0.42426813746287656,0
13004829,2-(5-chloro-2-furyl)-6-methyl-1H-benzimidazole,CC1=CC2=C(C=C1)N=C(N2)C3=CC=C(O3)Cl,C12H9ClN2O,2,1,1,3.784720000000001,232.040340588,16,41.82,0.3825920612147298,0
14592769,2-(5-nitro-2-furyl)-6-(trifluoromethyl)-1H-benzimidazole,C1=CC2=C(C=C1C(F)(F)F)NC(=N2)C3=CC=C(O3)[N+](=O)[O-],C12H6F3N3O3,4,1,2,3.749900000000001,297.03612571199994,21,84.96,0.24717514124293788,0
11160865,2-(2-chlorophenyl)-4-methyl-1H-benzimidazole,CC1=C2C(=CC=C1)NC(=N2)C3=CC=CC=C3Cl,C14H11ClN2,1,1,1,4.191720000000002,242.061076032,17,28.68,0.592747559274756,0
874005,2-(5-bromo-2-furyl)-1H-benzimidazole,C1=CC=C2C(=C1)NC(=N2)C3=CC=C(O3)Br,C11H7BrN2O,2,1,1,3.585400000000001,261.974174944,15,41.82,0.3586800573888092,0
14592771,6-chloro-2-(5-nitro-2-furyl)-1H-benzimidazole,C1=CC2=C(C=C1Cl)NC(=N2)C3=CC=C(O3)[N+](=O)[O-],C11H6ClN3O3,4,1,2,3.384500000000001,263.009768732,18,84.96,0.21186440677966104,0
58156070,1-(5-bromo-6-fluoro-1H-benzimidazol-2-yl)pyrazole-4-carboxylic acid,C1=C2C(=CC(=C1F)Br)N=C(N2)N3C=C(C=N3)C(=O)O,C11H6BrFN4O2,4,2,2,2.3484,323.96581575199997,19,83.8,0.22673031026252985,0
53319830,2-(5-nitro-2-furyl)-N'-(3-phenoxybenzoyl)-3H-benzimidazole-5-carbohydrazide,C1=CC=C(C=C1)OC2=CC=CC(=C2)C(=O)NNC(=O)C3=CC4=C(C=C3)N=C(N4)C5=CC=C(O5)[N+](=O)[O-],C25H17N5O6,7,3,6,4.598200000000002,483.11788326400006,36,152.39000000000001,0.23623597348907407,0
60646448,2-(3-chlorophenyl)-4-methyl-1H-benzimidazole,CC1=C2C(=CC=C1)NC(=N2)C3=CC(=CC=C3)Cl,C14H11ClN2,1,1,1,4.191720000000002,242.061076032,17,28.68,0.592747559274756,0
352929,2-pyrazin-2-yl-1H-benzimidazole,C1=CC=C2C(=C1)NC(=N2)C3=NC=CN=C3,C11H8N4,3,1,1,2.0199,196.074896256,15,54.46,0.2754315093646713,0
146036139,1-(1H-benzimidazol-2-yl)pyridin-4-one,C1=CC=C2C(=C1)NC(=N2)N3C=CC(=O)C=C3,C12H9N3O,3,1,1,1.7137999999999995,211.074561908,16,50.68,0.31570639305445936,0
135391919,"2-(5-nitro-2-furyl)-N-(3,4,5-trimethoxyphenyl)-3H-benzimidazole-5-carboxamide",COC1=CC(=CC(=C1OC)OC)NC(=O)C2=CC3=C(C=C2)N=C(N3)C4=CC=C(O4)[N+](=O)[O-],C21H18N4O7,8,2,7,4.009200000000002,438.117548916,32,141.75,0.2257495590828924,0
136677264,2-(6-hydroxy-1H-benzimidazol-2-yl)thiazol-4-one,C1C(=O)N=C(S1)C2=NC3=C(N2)C=C(C=C3)O,C10H7N3O2S,4,2,1,1.2884999999999998,233.025897464,16,78.34,0.2042379371968343,0
158393,6-fluoro-2-(5-nitro-2-furyl)-1H-benzimidazole,C1=CC2=C(C=C1F)NC(=N2)C3=CC=C(O3)[N+](=O)[O-],C11H6FN3O3,4,1,2,2.8702000000000014,247.039319272,18,84.96,0.21186440677966104,0
58156098,"1-(4,5,6-trichloro-1H-benzimidazol-2-yl)pyrazole-4-carboxylic acid",C1=C2C(=C(C(=C1Cl)Cl)Cl)N=C(N2)N3C=C(C=N3)C(=O)O,C11H5Cl3N4O2,4,2,2,3.407000000000001,329.94780843999996,20,83.8,0.23866348448687352,0
3058001,2-(6-methoxy-2-pyridyl)-1H-benzimidazole,COC1=CC=CC(=N1)C2=NC3=CC=CC=C3N2,C13H11N3O,3,1,2,2.6335000000000006,225.090211972,17,50.800000000000004,0.33464566929133854,0
278820,2-(2-chloro-5-fluoro-phenyl)-1H-benzimidazole,C1=CC=C2C(=C1)NC(=N2)C3=C(C=CC(=C3)F)Cl,C13H8ClFN2,1,1,1,4.022400000000001,246.036004156,17,28.68,0.592747559274756,0
924807,2-(2-furyl)-6-methyl-1H-benzimidazole,CC1=CC2=C(C=C1)N=C(N2)C3=CC=CO3,C12H10N2O,2,1,1,3.1313200000000005,198.07931294,15,41.82,0.3586800573888092,0
102227621,2-(1H-benzimidazol-2-yl)-1-methyl-piperidin-4-one,CN1CCC(=O)CC1C2=NC3=CC=CC=C3N2,C13H15N3O,3,1,1,1.8986999999999998,229.1215121,17,48.99,0.34700959379465196,0
6451571,2-(1H-benzimidazol-2-yl)thiazole,C1=CC=C2C(=C1)NC(=N2)C3=NC=CS3,C10H7N3S,3,1,1,2.686400000000001,201.036068224,14,41.57,0.33678133269184507,0
44376972,6-chloro-2-(5-methyl-2-pyridyl)-1H-benzimidazole,CC1=CN=C(C=C1)C2=NC3=C(N2)C=C(C=C3)Cl,C13H10ClN3,2,1,1,3.5867200000000015,243.056325,17,41.57,0.40894876112581185,0
14592776,6-chloro-2-(5-nitro-2-thienyl)-1H-benzimidazole,C1=CC2=C(C=C1Cl)NC(=N2)C3=CC=C(S3)[N+](=O)[O-],C11H6ClN3O2S,4,1,2,3.8530000000000006,278.98692511199994,18,71.82,0.25062656641604014,0
45078369,2-pyridazin-4-yl-1H-benzimidazole,C1=CC=C2C(=C1)NC(=N2)C3=CN=NC=C3,C11H8N4,3,1,1,2.0199,196.074896256,15,54.46,0.2754315093646713,0
639432,2-(4-methyl-2-pyridyl)-1H-benzimidazole,CC1=CC(=NC=C1)C2=NC3=CC=CC=C3N2,C13H11N3,2,1,1,2.93332,209.095297352,16,41.57,0.38489295164782295,0
102432561,"hydroxy-[5-(10-oxa-3,5-diazatetracyclo[10.4.0.02,6.07,11]hexadeca-1(16),2(6),4,7(11),8,12,14-heptaen-4-yl)-2-furyl]-oxo-ammonium",C1=CC=C2C(=C1)C3=C(C4=C2OC=C4)N=C(N3)C5=CC=C(O5)[N+](=O)O,C17H10N3O4+,4,2,2,4.521900000000002,320.06658222008997,24,95.27,0.25191560827122916,0
136784572,"ethyl 2-(4,7-dimethoxy-1H-benzimidazol-2-yl)thiazole-4-carboxylate",CCOC(=O)C1=CSC(=N1)C2=NC3=C(C=CC(=C3N2)OC)OC,C15H15N3O4S,7,1,5,2.880300000000001,333.07832695999997,23,86.33000000000001,0.26641955287848945,0
66937362,1-[6-chloro-5-(ethylamino)-1H-benzimidazol-2-yl]pyrazole-4-carboxylic acid,CCNC1=C(C=C2C(=C1)N=C(N2)N3C=C(C=N3)C(=O)O)Cl,C13H12ClN5O2,5,3,4,2.532,305.06795230399996,21,95.83,0.2191380569758948,0
101432363,1-[6-(1-ethylbenzimidazol-2-yl)-2-pyridyl]ethanone,CCN1C2=CC=CC=C2N=C1C3=NC(=CC=C3)C(=O)C,C16H15N3O,4,0,3,3.320800000000002,265.1215121,20,47.78,0.4185851820845542,0
20767472,"2-(3,5-dimethylphenyl)-1H-benzimidazole",CC1=CC(=CC(=C1)C2=NC3=CC=CC=C3N2)C,C15H14N2,1,1,1,3.8467400000000023,222.115698448,17,28.68,0.592747559274756,0
639420,2-pyrazol-1-yl-1H-benzimidazole,C1=CC=C2C(=C1)NC(=N2)N3C=CC=N3,C10H8N4,3,1,1,1.7485999999999997,184.074896256,14,46.5,0.3010752688172043,0
162417899,"2-[(2S)-1,4-dioxan-2-yl]-1H-benzimidazole",C1COC(CO1)C2=NC3=CC=CC=C3N2,C11H12N2O2,3,1,1,1.6507999999999998,204.089877624,15,47.14,0.3182011030971574,0
101542191,"2-(3,4,5,6-tetrachloro-2-pyridyl)-1H-benzimidazole",C1=CC=C2C(=C1)NC(=N2)C3=NC(=C(C(=C3Cl)Cl)Cl)Cl,C12H5Cl4N3,2,1,1,5.2385,330.92375788,19,41.57,0.45706038008178973,1
762907,2-cyclohexyl-6-nitro-1H-benzimidazole,C1CCC(CC1)C2=NC3=C(N2)C=C(C=C3)[N+](=O)[O-],C13H15N3O2,3,1,2,3.5188000000000015,245.11642672,18,71.82,0.25062656641604014,0
60978115,"2-(5,6-dimethyl-1H-benzimidazol-2-yl)quinoline",CC1=CC2=C(C=C1C)N=C(N2)C3=NC4=CC=CC=C4C=C3,C18H15N3,2,1,1,4.394940000000003,273.12659748000004,21,41.57,0.5051719990377677,0
797336,1-methyl-2-(2-pyridyl)benzimidazole,CN1C2=CC=CC=C2N=C1C3=CC=CC=N3,C13H11N3,3,0,1,2.635300000000001,209.095297352,16,30.71,0.5210029306414848,0
54358392,4-(1H-benzimidazol-2-yl)thiadiazole,C1=CC=C2C(=C1)NC(=N2)C3=CSN=N3,C9H6N4S,4,1,1,2.0813999999999995,202.031317192,14,54.46,0.2570694087403599,0
49749,6-methoxy-2-(6-methyl-2-pyridyl)-1H-benzimidazole,CC1=NC(=CC=C1)C2=NC3=C(N2)C=C(C=C3)OC,C14H13N3O,3,1,2,2.9419200000000005,239.105862036,18,50.8,0.35433070866141736,0
838910,"4-(5,6-dimethyl-1H-benzimidazol-2-yl)benzoic acid",CC1=CC2=C(C=C1C)N=C(N2)C3=CC=C(C=C3)C(=O)O,C16H14N2O2,2,2,2,3.5449400000000013,266.105527688,20,65.98,0.30312215822976657,0
56688666,"2-(2,3,5-trichlorophenyl)-1H-benzimidazole",C1=CC=C2C(=C1)NC(=N2)C3=C(C(=CC(=C3)Cl)Cl)Cl,C13H7Cl3N2,1,1,1,5.190100000000001,295.967481264,18,28.68,0.6276150627615062,1
129793549,5-(1H-benzimidazol-2-yl)pyran-2-one,C1=CC=C2C(=C1)NC(=N2)C3=COC(=O)C=C3,C12H8N2O2,3,1,1,2.1830999999999996,212.058577496,16,58.89,0.271692986924775,0
49805063,"4,6-dichloro-2-(2-pyridyl)-1H-benzimidazole",C1=CC=NC(=C1)C2=NC3=C(N2)C=C(C=C3Cl)Cl,C12H7Cl2N3,2,1,1,3.931700000000001,263.001702584,17,41.57,0.40894876112581185,0
21404692,2-(1-methyl-5-nitro-imidazol-2-yl)-1H-benzimidazole,CN1C(=CN=C1C2=NC3=CC=CC=C3N2)[N+](=O)[O-],C11H9N5O2,5,1,2,1.8715999999999997,243.075624528,18,89.64,0.20080321285140562,0
141836370,methyl 2-(5-nitro-2-furyl)-3H-benzimidazole-5-carboxylate,COC(=O)C1=CC2=C(C=C1)N=C(N2)C3=CC=C(O3)[N+](=O)[O-],C13H9N3O5,6,1,3,2.5177000000000005,287.054220388,21,111.26000000000002,0.18874707891425488,0
9812282,4-(1H-benzimidazol-2-yl)isothiazole,C1=CC=C2C(=C1)NC(=N2)C3=CSN=C3,C10H7N3S,3,1,1,2.6864,201.036068224,14,41.57,0.33678133269184507,0
53317206,N-[[2-(5-nitro-2-furyl)-3H-benzimidazole-5-carbonyl]amino]formamide,C1=CC2=C(C=C1C(=O)NNC=O)NC(=N2)C3=CC=C(O3)[N+](=O)[O-],C13H9N5O5,6,3,5,1.1218999999999997,315.060368388,23,143.16000000000003,0.1606594020676166,0
135441671,ethyl N-[(E)-1-(1H-benzimidazol-2-yl)ethylideneamino]carbamate,CCOC(=O)NN=C(C)C1=NC2=CC=CC=C2N1,C12H14N4O2,4,2,3,2.033,246.111675688,18,79.37,0.22678593927176513,0
43829000,2-(m-tolyl)-6-nitro-1H-benzimidazole,CC1=CC(=CC=C1)C2=NC3=C(N2)C=C(C=C3)[N+](=O)[O-],C14H11N3O2,3,1,2,3.4465200000000022,253.085126592,19,71.82,0.2645502645502646,0
64722111,"2-(3,4-dichlorophenyl)-6-fluoro-1H-benzimidazole",C1=CC(=C(C=C1C2=NC3=C(N2)C=C(C=C3)F)Cl)Cl,C13H7Cl2FN2,1,1,1,4.675800000000001,279.997031804,18,28.68,0.6276150627615062,0
120207,2-(3-fluorophenyl)-1H-benzimidazole,C1=CC=C2C(=C1)NC(=N2)C3=CC(=CC=C3)F,C13H9FN2,1,1,1,3.3690000000000007,212.074976508,16,28.68,0.5578800557880056,0
330939,4-methoxy-2-(2-pyridyl)-1H-benzimidazole,COC1=CC=CC2=C1N=C(N2)C3=CC=CC=N3,C13H11N3O,3,1,2,2.6335000000000006,225.090211972,17,50.8,0.3346456692913386,0
39904025,"6-chloro-2-(3,4,5-trimethoxyphenyl)-1H-benzimidazole",COC1=CC(=CC(=C1OC)OC)C2=NC3=C(N2)C=C(C=C3)Cl,C16H15ClN2O3,4,1,4,3.9091000000000022,318.07712002000005,22,56.37,0.3902785169416356,0
101006991,ethyl 6-(1-methylbenzimidazol-2-yl)pyridine-2-carboxylate,CCOC(=O)C1=CC=CC(=N1)C2=NC3=CC=CC=C3N2C,C16H15N3O2,5,0,3,2.812000000000001,281.11642672,21,57.01,0.36835642869671986,0
145706453,"4-methyl-2-(5-nitro-2-furyl)imidazo[1,2-a]benzimidazole",CN1C2=CC=CC=C2N3C1=NC(=C3)C4=CC=C(O4)[N+](=O)[O-],C14H10N4O3,6,0,2,2.994200000000001,282.07529017999997,21,78.51,0.26748184944593045,0
39158263,"2-(3,4-difluorophenyl)-1H-benzimidazole",C1=CC=C2C(=C1)NC(=N2)C3=CC(=C(C=C3)F)F,C13H8F2N2,1,1,1,3.5081000000000007,230.065554696,17,28.68,0.592747559274756,0
46886439,2-(3-methoxyphenyl)-6-(trifluoromethyl)-1H-benzimidazole,COC1=CC=CC(=C1)C2=NC3=C(N2)C=C(C=C3)C(F)(F)F,C15H11F3N2O,2,1,2,4.257300000000002,292.082347632,21,37.91,0.5539435505143762,0
19224627,"2-(2,5-dimethoxyphenyl)-6-methyl-1H-benzimidazole",CC1=CC2=C(C=C1)N=C(N2)C3=C(C=CC(=C3)OC)OC,C16H16N2O2,3,1,3,3.5555200000000013,268.121177752,20,47.14,0.42426813746287656,0
4862591,2-(1-methylpyrazol-3-yl)-1H-benzimidazole,CN1C=CC(=N1)C2=NC3=CC=CC=C3N2,C11H10N4,3,1,1,1.9633999999999998,198.09054632,15,46.5,0.3225806451612903,0
58156028,1-(4-fluoro-1H-benzimidazol-2-yl)pyrazole-4-carboxylic acid,C1=CC2=C(C(=C1)F)N=C(N2)N3C=C(C=N3)C(=O)O,C11H7FN4O2,4,2,2,1.5858999999999999,246.055303684,18,83.8,0.21479713603818618,0
962231,2-(2-furyl)-1-methyl-benzimidazole,CN1C2=CC=CC=C2N=C1C3=CC=CO3,C12H10N2O,3,0,1,2.8333000000000013,198.07931294,15,30.96,0.4844961240310077,0
58555970,4-(1H-benzimidazol-2-yl)-2-chloro-thiazole,C1=CC=C2C(=C1)NC(=N2)C3=CSC(=N3)Cl,C10H6ClN3S,3,1,1,3.339800000000001,234.997095872,15,41.57,0.36083714216983404,0
11701283,6-(1H-benzimidazol-2-yl)-1H-pyridin-2-one,C1=CC=C2C(=C1)NC(=N2)C3=CC=CC(=O)N3,C12H9N3O,2,2,1,1.9181999999999995,211.074561908,16,61.54,0.25999350016249595,0
53319829,N'-benzoyl-2-(5-nitro-2-furyl)-3H-benzimidazole-5-carbohydrazide,C1=CC=C(C=C1)C(=O)NNC(=O)C2=CC3=C(C=C2)N=C(N3)C4=CC=C(O4)[N+](=O)[O-],C19H13N5O5,6,3,4,2.8059000000000003,391.09166851599997,29,143.16,0.20257055043308186,0
43829003,2-(2-chlorophenyl)-6-nitro-1H-benzimidazole,C1=CC=C(C(=C1)C2=NC3=C(N2)C=C(C=C3)[N+](=O)[O-])Cl,C13H8ClN3O2,3,1,2,3.791500000000002,273.030504176,19,71.82,0.2645502645502646,0
102300713,6-(1-methylbenzimidazol-2-yl)pyridine-2-carbaldehyde,CN1C2=CC=CC=C2N=C1C3=CC=CC(=N3)C=O,C14H11N3O,4,0,2,2.4478,237.090211972,18,47.78,0.37672666387609877,0
924756,6-methyl-2-(m-tolyl)-1H-benzimidazole,CC1=CC(=CC=C1)C2=NC3=C(N2)C=C(C=C3)C,C15H14N2,1,1,1,3.8467400000000023,222.115698448,17,28.68,0.592747559274756,0
102268668,[5-[6-(trifluoromethyl)-1H-benzimidazol-2-yl]-2-furyl]methanol,C1=CC2=C(C=C1C(F)(F)F)NC(=N2)C3=CC=C(O3)CO,C13H9F3N2O2,3,2,2,3.334000000000001,282.06161218799997,20,62.05,0.32232070910556004,0
13004826,2-(5-chloro-2-furyl)-1H-benzimidazole,C1=CC=C2C(=C1)NC(=N2)C3=CC=C(O3)Cl,C11H7ClN2O,2,1,1,3.476300000000001,218.024690524,15,41.82,0.3586800573888092,0
145971832,6-chloro-2-(2-chloro-3-methoxy-phenyl)-1H-benzimidazole,COC1=CC=CC(=C1Cl)C2=NC3=C(N2)C=C(C=C3)Cl,C14H10Cl2N2O,2,1,2,4.545300000000002,292.01701829999996,19,37.91,0.5011870218939595,0
145706429,"2-(5-nitro-2-furyl)-3H-imidazo[1,2-a]benzimidazole",C1=CC=C2C(=C1)N=C3N2C=C(N3)C4=CC=C(O4)[N+](=O)[O-],C13H8N4O3,5,1,2,2.9838000000000013,268.05964011599997,20,89.37,0.22378874342620564,0
129884778,2-(6-chloropyrazin-2-yl)-1H-benzimidazole,C1=CC=C2C(=C1)NC(=N2)C3=CN=CC(=N3)Cl,C11H7ClN4,3,1,1,2.6733000000000002,230.035923904,16,54.46,0.29379360998898274,0
135391755,"N-(2,4-dimethylphenyl)-2-(5-nitro-2-furyl)-3H-benzimidazole-5-carboxamide",CC1=CC(=C(C=C1)NC(=O)C2=CC3=C(C=C2)N=C(N3)C4=CC=C(O4)[N+](=O)[O-])C,C20H16N4O4,5,2,4,4.600240000000002,376.11715499199994,28,114.06,0.24548483254427494,0
6953409,4-(6-chloro-1H-benzimidazol-2-yl)benzoate,C1=CC(=CC=C1C2=NC3=C(N2)C=C(C=C3)Cl)C(=O)[O-],C14H8ClN2O2-,3,1,2,2.2467999999999995,271.02797875591,19,68.81,0.2761226565906118,0
135391749,"N-(3,5-dimethylphenyl)-2-(5-nitro-2-furyl)-3H-benzimidazole-5-carboxamide",CC1=CC(=CC(=C1)NC(=O)C2=CC3=C(C=C2)N=C(N3)C4=CC=C(O4)[N+](=O)[O-])C,C20H16N4O4,5,2,4,4.600240000000002,376.11715499199994,28,114.06,0.24548483254427494,0
11601120,4-(6-chloro-1H-benzimidazol-2-yl)thiazole,C1=CC2=C(C=C1Cl)NC(=N2)C3=CSC=N3,C10H6ClN3S,3,1,1,3.3398000000000003,234.997095872,15,41.57,0.36083714216983404,0
3107313,"4,6-dinitro-2-(5-nitro-2-furyl)-1H-benzimidazole",C1=C(OC(=C1)[N+](=O)[O-])C2=NC3=C(N2)C=C(C=C3[N+](=O)[O-])[N+](=O)[O-],C11H5N5O7,8,1,4,2.5475000000000003,319.0188975,23,171.24,0.13431441252043913,0
66602356,[2-(5-methoxy-2-pyridyl)-3H-benzimidazol-5-yl]methanol,COC1=CN=C(C=C1)C2=NC3=C(N2)C=C(C=C3)CO,C14H13N3O2,4,2,3,2.1258000000000004,255.100776656,19,71.03,0.2674926087568633,0
165353946,"2-(3,5-dimethylpyrazol-1-yl)-4-methyl-1H-benzimidazole",CC1=C2C(=CC=C1)NC(=N2)N3C(=CC(=N3)C)C,C13H14N4,3,1,1,2.6738600000000003,226.12184644799999,17,46.5,0.3655913978494624,0
135391693,N-(m-tolyl)-2-(5-nitro-2-furyl)-3H-benzimidazole-5-carboxamide,CC1=CC(=CC=C1)NC(=O)C2=CC3=C(C=C2)N=C(N3)C4=CC=C(O4)[N+](=O)[O-],C19H14N4O4,5,2,4,4.291820000000002,362.10150492799994,27,114.06,0.23671751709626512,0
56774395,1-[(3S)-3-(6-fluoro-1H-benzimidazol-2-yl)pyrrolidin-1-yl]ethanone,CC(=O)N1CCC(C1)C2=NC3=C(N2)C=C(C=C3)F,C13H14FN3O,2,1,1,2.0378,247.112090288,18,48.99,0.3674219228413962,0
145977430,[4-(6-fluoro-1H-benzimidazol-2-yl)-2-methoxy-phenyl] acetate,CC(=O)OC1=C(C=C(C=C1)C2=NC3=C(N2)C=C(C=C3)F)OC,C16H13FN2O3,4,1,3,3.302900000000002,300.091020496,22,64.21,0.3426257592275347,0
44376999,6-chloro-2-(6-ethyl-2-pyridyl)-1H-benzimidazole,CCC1=NC(=CC=C1)C2=NC3=C(N2)C=C(C=C3)Cl,C14H12ClN3,2,1,2,3.840700000000002,257.071975064,18,41.57,0.4330045706038008,0
71328500,5-fluoro-1-methyl-2-(5-nitro-2-furyl)benzimidazole,CN1C2=C(C=C(C=C2)F)N=C1C3=CC=C(O3)[N+](=O)[O-],C12H8FN3O3,5,0,2,2.880600000000001,261.054969336,19,74.1,0.25641025641025644,0
137640670,7-chloro-2-[6-(trifluoromethyl)-1H-benzimidazol-2-yl]quinoline,C1=CC(=CC2=C1C=CC(=N2)C3=NC4=C(N3)C=C(C=C4)C(F)(F)F)Cl,C17H9ClF3N3,2,1,1,5.450300000000001,347.04370962800004,24,41.57,0.5773394274717344,1
783547,"2-(2-furyl)-1,3-dimethyl-benzimidazol-3-ium",CN1C2=CC=CC=C2[N+](=C1C3=CC=CO3)C,C13H13N2O+,2,0,1,2.2628000000000004,213.10223945609,16,21.95,0.7289293849658315,0
39158436,"5,6-dichloro-2-(4-methoxyphenyl)-1H-benzimidazole",COC1=CC=C(C=C1)C2=NC3=CC(=C(C=C3N2)Cl)Cl,C14H10Cl2N2O,2,1,2,4.545300000000001,292.01701829999996,19,37.91,0.5011870218939595,0
13004850,6-fluoro-2-(2-thienyl)-1H-benzimidazole,C1=CSC(=C1)C2=NC3=C(N2)C=C(C=C3)F,C11H7FN2S,2,1,1,3.4305000000000003,218.031397444,15,28.68,0.5230125523012552,0
49750,6-chloro-2-(6-methyl-2-pyridyl)-1H-benzimidazole,CC1=NC(=CC=C1)C2=NC3=C(N2)C=C(C=C3)Cl,C13H10ClN3,2,1,1,3.5867200000000015,243.056325,17,41.57,0.40894876112581185,0
60980808,6-fluoro-2-(3-methoxyphenyl)-1H-benzimidazole,COC1=CC=CC(=C1)C2=NC3=C(N2)C=C(C=C3)F,C14H11FN2O,2,1,2,3.377600000000002,242.085541192,18,37.91,0.474808757583751,0
14592774,2-(5-nitro-2-thienyl)-6-(trifluoromethyl)-1H-benzimidazole,C1=CC2=C(C=C1C(F)(F)F)NC(=N2)C3=CC=C(S3)[N+](=O)[O-],C12H6F3N3O2S,4,1,2,4.218400000000001,313.01328209199994,21,71.82,0.2923976608187135,0
49804933,"5,6-difluoro-2-(2-pyridyl)-1H-benzimidazole",C1=CC=NC(=C1)C2=NC3=CC(=C(C=C3N2)F)F,C12H7F2N3,2,1,1,2.9031000000000002,231.060803664,17,41.57,0.40894876112581185,0
129738182,[2-methoxy-4-(6-methyl-1H-benzimidazol-2-yl)phenyl] acetate,CC1=CC2=C(C=C1)N=C(N2)C3=CC(=C(C=C3)OC(=O)C)OC,C17H16N2O3,4,1,3,3.472220000000002,296.11609237199997,22,64.21,0.3426257592275347,0
63399653,"2-(3,5-dichlorophenyl)-6-methyl-1H-benzimidazole",CC1=CC2=C(C=C1)N=C(N2)C3=CC(=CC(=C3)Cl)Cl,C14H10Cl2N2,1,1,1,4.845120000000001,276.02210368,18,28.68,0.6276150627615062,0
127050307,6-chloro-2-(2-chloro-5-nitro-phenyl)-1H-benzimidazole,C1=CC(=C(C=C1[N+](=O)[O-])C2=NC3=C(N2)C=C(C=C3)Cl)Cl,C13H7Cl2N3O2,3,1,2,4.4449000000000005,306.99153182400005,20,71.82,0.27847396268448904,0
108227,2-thiazol-4-yl-3H-benzimidazol-5-ol,C1=CC2=C(C=C1O)NC(=N2)C3=CSC=N3,C10H7N3OS,4,2,1,2.3920000000000003,217.030982844,15,61.8,0.24271844660194175,0
45077905,2-pyrrol-1-yl-1H-benzimidazole,C1=CC=C2C(=C1)NC(=N2)N3C=CC=C3,C11H9N3,2,1,1,2.3536,183.079647288,14,33.61,0.4165426956263017,0
72200317,1-(5-chloro-6-fluoro-1H-benzimidazol-2-yl)pyrazole-4-carboxylate,C1=C2C(=CC(=C1F)Cl)N=C(N2)N3C=C(C=N3)C(=O)[O-],C11H5ClFN4O2-,5,1,2,0.9045999999999994,279.00905487990997,19,86.63,0.21932355996767863,0
44377013,2-(6-chloro-2-pyridyl)-6-methyl-1H-benzimidazole,CC1=CC2=C(C=C1)N=C(N2)C3=NC(=CC=C3)Cl,C13H10ClN3,2,1,1,3.5867200000000015,243.056325,17,41.57,0.40894876112581185,0
59679865,6-(1H-benzimidazol-2-yl)pyridin-2-amine,C1=CC=C2C(=C1)NC(=N2)C3=NC(=CC=C3)N,C12H10N4,3,2,1,2.2070999999999996,210.09054632,16,67.59,0.23672140849238052,0
612049,4-(1-methylbenzimidazol-2-yl)thiazole,CN1C2=CC=CC=C2N=C1C3=CSC=N3,C11H9N3S,4,0,1,2.6968000000000005,215.051718288,15,30.71,0.48844024747639203,0
43168729,2-(3-methyl-2-furyl)-1H-benzimidazole,CC1=C(OC=C1)C2=NC3=CC=CC=C3N2,C12H10N2O,2,1,1,3.1313200000000005,198.07931294,15,41.82,0.3586800573888092,0
138395990,4-(1-deuteriobenzimidazol-2-yl)thiazole,C1=CC=C2C(=C1)NC(=N2)C3=CSC=N3,C10H7N3S,3,1,1,2.686400000000001,201.036068224,14,41.57,0.33678133269184507,0
2731165,"2-(4-methoxyphenyl)-5,6-dimethyl-1H-benzimidazole",CC1=CC2=C(C=C1C)N=C(N2)C3=CC=C(C=C3)OC,C16H16N2O,2,1,2,3.8553400000000027,252.126263132,19,37.91,0.5011870218939595,0
45784011,cyclopropyl-[(3S)-3-(6-methyl-1H-benzimidazol-2-yl)pyrrolidin-1-yl]methanone,CC1=CC2=C(C=C1)N=C(N2)C3CCN(C3)C(=O)C4CC4,C16H19N3O,2,1,2,2.59722,269.152812228,20,48.99,0.40824658093488464,0
51032808,ethyl 2-(1-ethylbenzimidazol-2-yl)thiazole-4-carboxylate,CCN1C2=CC=CC=C2N=C1C3=NC(=CS3)C(=O)OCC,C15H15N3O2S,6,0,4,3.3564000000000016,301.08849772,21,57.010000000000005,0.36835642869671986,0
373876,"2-(1H-benzimidazol-2-yl)-4,5-dihydrothiazole",C1CSC(=N1)C2=NC3=CC=CC=C3N2,C10H9N3S,3,1,1,2.0563,203.051718288,14,41.04,0.341130604288499,0
924715,2-methoxy-4-(6-methyl-1H-benzimidazol-2-yl)phenol,CC1=CC2=C(C=C1)N=C(N2)C3=CC(=C(C=C3)O)OC,C15H14N2O2,3,2,2,3.2525200000000014,254.105527688,19,58.14,0.32679738562091504,0
11507345,"2-(5,6-dimethyl-1H-benzimidazol-2-yl)quinoxaline",CC1=CC2=C(C=C1C)N=C(N2)C3=NC4=CC=CC=C4N=C3,C17H14N4,3,1,1,3.7899400000000014,274.121846448,21,54.46,0.3856041131105398,0
618589,6-nitro-2-(2-thienyl)-1H-benzimidazole,C1=CSC(=C1)C2=NC3=C(N2)C=C(C=C3)[N+](=O)[O-],C11H7N3O2S,4,1,2,3.199600000000001,245.025897464,17,71.82,0.23670286828181566,0
60978493,3-(6-methyl-1H-benzimidazol-2-yl)benzonitrile,CC1=CC2=C(C=C1)N=C(N2)C3=CC=CC(=C3)C#N,C15H11N3,2,1,1,3.410000000000001,233.095297352,18,52.47,0.34305317324185247,0
134833081,"1-[4-(1H-benzimidazol-2-yl)thiazol-2-yl]-2,2,2-trifluoro-ethanone",C1=CC=C2C(=C1)NC(=N2)C3=CSC(=N3)C(=O)C(F)(F)F,C12H6F3N3OS,4,1,2,3.431400000000001,297.01836747199997,20,58.64,0.34106412005457026,0
13004848,2-(5-chloro-2-thienyl)-6-methyl-1H-benzimidazole,CC1=CC2=C(C=C1)N=C(N2)C3=CC=C(S3)Cl,C12H9ClN2S,2,1,1,4.2532200000000016,248.017496968,16,28.68,0.5578800557880056,0
124202601,4-(1H-benzimidazol-2-yl)thiazole,C1=CC=C2C(=C1)NC(=N2)C3=CSC=N3,C10H7N3S,3,1,1,2.686400000000001,201.036068224,14,41.57,0.33678133269184507,0
506600,2-(2-thienyl)-1H-benzimidazole,C1=CC=C2C(=C1)NC(=N2)C3=CC=CS3,C11H8N2S,2,1,1,3.291400000000001,200.040819256,14,28.68,0.4881450488145049,0
13004834,2-(5-chloro-2-furyl)-6-fluoro-1H-benzimidazole,C1=CC2=C(C=C1F)NC(=N2)C3=CC=C(O3)Cl,C11H6ClFN2O,2,1,1,3.615400000000001,236.015268712,16,41.82,0.3825920612147298,0
102593579,"4-(1H-benzimidazol-2-yl)-4,5-dihydrothiazole",C1C(N=CS1)C2=NC3=CC=CC=C3N2,C10H9N3S,3,1,1,2.3791,203.051718288,14,41.04,0.341130604288499,0
58156072,1-(6-bromo-4-methyl-1H-benzimidazol-2-yl)pyrazole-4-carboxylic acid,CC1=CC(=CC2=C1N=C(N2)N3C=C(C=N3)C(=O)O)Br,C12H9BrN4O2,4,2,2,2.5177199999999997,319.990887628,19,83.8,0.22673031026252985,0
71355852,"2-(6-chloro-1H-benzimidazol-2-yl)-4,5-dihydrothiazole",C1CSC(=N1)C2=NC3=C(N2)C=C(C=C3)Cl,C10H8ClN3S,3,1,1,2.7097000000000007,237.012745936,15,41.04,0.3654970760233918,0
70821,2-(2-pyridyl)-1H-benzimidazole,C1=CC=C2C(=C1)NC(=N2)C3=CC=CC=N3,C12H9N3,2,1,1,2.6249000000000002,195.079647288,15,41.57,0.36083714216983404,0
278827,"2-(2,5-dichlorophenyl)-1H-benzimidazole",C1=CC=C2C(=C1)NC(=N2)C3=C(C=CC(=C3)Cl)Cl,C13H8Cl2N2,1,1,1,4.5367000000000015,262.006453616,17,28.68,0.592747559274756,0
4915657,2-(2-thienyl)-3H-benzimidazole-5-carboxylic acid,C1=CSC(=C1)C2=NC3=C(N2)C=C(C=C3)C(=O)O,C12H8N2O2S,3,2,2,2.9896000000000003,244.030648496,17,65.98,0.2576538344953016,0
51032806,ethyl 2-(1-methylbenzimidazol-2-yl)thiazole-4-carboxylate,CCOC(=O)C1=CSC(=N1)C2=NC3=CC=CC=C3N2C,C14H13N3O2S,6,0,3,2.873500000000001,287.072847656,20,57.01,0.35081564637782847,0
164576226,2-[1-(2-chloroethyl)-5-nitro-imidazol-2-yl]-3H-benzimidazole-5-carbonitrile,C1=CC2=C(C=C1C#N)NC(=N2)C3=NC=C(N3CCCl)[N+](=O)[O-],C13H9ClN6O2,6,1,4,2.44508,316.047551208,22,113.43,0.1939522172264833,0
102268665,[5-(6-methyl-1H-benzimidazol-2-yl)-2-furyl]methanol,CC1=CC2=C(C=C1)N=C(N2)C3=CC=C(O3)CO,C13H12N2O2,3,2,2,2.6236200000000003,228.089877624,17,62.05,0.27397260273972607,0
101018186,"(4S)-2-(5-hydroxy-1-methyl-benzimidazol-2-yl)-4,5-dihydrothiazole-4-carboxylic acid",CN1C2=C(C=C(C=C2)O)N=C1C3=NC(CS3)C(=O)O,C12H11N3O3S,6,2,2,1.2254999999999998,277.052112212,19,87.71,0.21662296203397563,0
13004845,2-(5-chloro-2-thienyl)-1H-benzimidazole,C1=CC=C2C(=C1)NC(=N2)C3=CC=C(S3)Cl,C11H7ClN2S,2,1,1,3.9448000000000008,234.001846904,15,28.68,0.5230125523012552,0
695737,[1-(1H-benzimidazol-2-yl)ethylideneamino]thiourea,CC(=NNC(=S)N)C1=NC2=CC=CC=C2N1,C10H11N5S,3,3,2,1.1201,233.07351635199998,16,79.09,0.20230117587558477,0
60978000,4-fluoro-2-(2-pyridyl)-1H-benzimidazole,C1=CC=NC(=C1)C2=NC3=C(N2)C=CC=C3F,C12H8FN3,2,1,1,2.7640000000000002,213.070225476,16,41.57,0.38489295164782295,0
13004831,6-fluoro-2-(2-furyl)-1H-benzimidazole,C1=COC(=C1)C2=NC3=C(N2)C=C(C=C3)F,C11H7FN2O,2,1,1,2.9620000000000006,202.054241064,15,41.82,0.3586800573888092,0
136682618,"(4S)-2-(6-hydroxy-1H-benzimidazol-2-yl)-4,5-dihydrothiazole-4-carboxylic acid",C1C(N=C(S1)C2=NC3=C(N2)C=C(C=C3)O)C(=O)O,C11H9N3O3S,5,3,2,1.2150999999999998,263.036462148,18,98.57000000000001,0.1826113421933651,0
49870967,1-[5-fluoro-6-(trifluoromethyl)-1H-benzimidazol-2-yl]pyrazole-4-carboxylic acid,C1=C(C(=CC2=C1NC(=N2)N3C=C(C=N3)C(=O)O)F)C(F)(F)F,C12H6F4N4O2,4,2,2,2.6047000000000002,314.042688312,22,83.8,0.26252983293556087,0
136069217,"2-(5,6-dimethyl-1H-benzimidazol-2-yl)-4-methoxy-phenol",CC1=CC2=C(C=C1C)N=C(N2)C3=C(C=CC(=C3)OC)O,C16H16N2O2,3,2,2,3.5609400000000027,268.121177752,20,58.14,0.3439972480220158,0
13004855,6-chloro-2-(5-methyl-2-thienyl)-1H-benzimidazole,CC1=CC=C(S1)C2=NC3=C(N2)C=C(C=C3)Cl,C12H9ClN2S,2,1,1,4.2532200000000016,248.017496968,16,28.68,0.5578800557880056,0
5260162,2-(1-hydroxypyridin-1-ium-4-yl)-1H-benzimidazole,C1=CC=C2C(=C1)NC(=N2)C3=CC=[N+](C=C3)O,C12H10N3O+,2,2,1,1.7546999999999997,212.08183836009,16,52.790000000000006,0.30308770600492513,0
924716,"2-(3,4-dimethoxyphenyl)-6-methyl-1H-benzimidazole",CC1=CC2=C(C=C1)N=C(N2)C3=CC(=C(C=C3)OC)OC,C16H16N2O2,3,1,3,3.5555200000000022,268.121177752,20,47.14,0.42426813746287656,0
102883698,6-fluoro-2-(2-fluoro-4-methoxy-phenyl)-1H-benzimidazole,COC1=CC(=C(C=C1)C2=NC3=C(N2)C=C(C=C3)F)F,C14H10F2N2O,2,1,2,3.516700000000001,260.07611938,19,37.91,0.5011870218939595,0
3065146,5-(6-nitro-1H-benzimidazol-2-yl)furan-2-carbaldehyde,C1=CC2=C(C=C1[N+](=O)[O-])NC(=N2)C3=CC=C(O3)C=O,C12H7N3O4,5,1,3,2.5436000000000005,257.043655704,19,102.03,0.186219739292365,0
70463686,2-thiazol-4-yl-1H-benzimidazol-4-ol,C1=CC2=C(C(=C1)O)N=C(N2)C3=CSC=N3,C10H7N3OS,4,2,1,2.3919999999999995,217.030982844,15,61.800000000000004,0.24271844660194172,0
44377277,ethyl 6-(1H-benzimidazol-2-yl)pyridine-2-carboxylate,CCOC(=O)C1=CC=CC(=N1)C2=NC3=CC=CC=C3N2,C15H13N3O2,4,1,3,2.8016000000000005,267.100776656,20,67.87,0.2946810078090467,0
162653981,"N-(2,4-dimethoxyphenyl)-2-(5-nitro-2-furyl)-3H-benzimidazole-5-carboxamide",COC1=CC(=C(C=C1)NC(=O)C2=CC3=C(C=C2)N=C(N3)C4=CC=C(O4)[N+](=O)[O-])OC,C20H16N4O6,7,2,6,4.000600000000001,408.1069842319999,30,132.51999999999998,0.22638092363416845,0
11644224,4-(6-fluoro-1H-benzimidazol-2-yl)thiazole,C1=CC2=C(C=C1F)NC(=N2)C3=CSC=N3,C10H6FN3S,3,1,1,2.825500000000001,219.026646412,15,41.57,0.36083714216983404,0
135403943,[(E)-1-(1H-benzimidazol-2-yl)ethylideneamino]thiourea,CC(=NNC(=S)N)C1=NC2=CC=CC=C2N1,C10H11N5S,3,3,2,1.1201,233.07351635199998,16,79.09,0.20230117587558477,0
20198181,"4,5-dimethyl-2-(2-pyridyl)-1H-benzimidazole",CC1=C(C2=C(C=C1)NC(=N2)C3=CC=CC=N3)C,C14H13N3,2,1,1,3.241740000000001,223.110947416,17,41.57,0.40894876112581185,0
51137018,2-[(3S)-1-methylsulfonylpyrrolidin-3-yl]-6-(trifluoromethyl)-1H-benzimidazole,CS(=O)(=O)N1CCC(C1)C2=NC3=C(N2)C=C(C=C3)C(F)(F)F,C13H14F3N3O2S,3,1,2,2.3306000000000004,333.075882348,22,66.06,0.3330305782621859,0
145972827,"2-(2-chloro-3,4-dimethoxy-phenyl)-6-fluoro-1H-benzimidazole",COC1=C(C(=C(C=C1)C2=NC3=C(N2)C=C(C=C3)F)Cl)OC,C15H12ClFN2O2,3,1,3,4.039600000000002,306.057133524,21,47.14,0.4454815443360204,0
20131776,4-(1H-benzimidazol-2-yl)oxazole,C1=CC=C2C(=C1)NC(=N2)C3=COC=N3,C10H7N3O,3,1,1,2.2178999999999993,185.058911844,14,54.71,0.2558947176019009,0
60981366,6-fluoro-2-(o-tolyl)-1H-benzimidazole,CC1=CC=CC=C1C2=NC3=C(N2)C=C(C=C3)F,C14H11FN2,1,1,1,3.6774200000000015,226.090626572,17,28.68,0.592747559274756,0
12181421,2-(2-quinolyl)-1H-benzo[f]benzimidazole,C1=CC=C2C(=C1)C=CC(=N2)C3=NC4=CC5=CC=CC=C5C=C4N3,C20H13N3,2,1,1,4.931300000000003,295.11094741600004,23,41.57,0.5532836179937455,0
11665659,6-fluoro-2-(2-pyridyl)-1H-benzimidazole,C1=CC=NC(=C1)C2=NC3=C(N2)C=C(C=C3)F,C12H8FN3,2,1,1,2.7640000000000002,213.070225476,16,41.57,0.38489295164782295,0
136057372,2-(6-fluoro-1H-benzimidazol-2-yl)-4-methoxy-phenol,COC1=CC(=C(C=C1)O)C2=NC3=C(N2)C=C(C=C3)F,C14H11FN2O2,3,2,2,3.0832000000000006,258.080455812,19,58.14,0.32679738562091504,0
20807156,"4,5,6,7-tetrafluoro-2-(2-pyridyl)-1H-benzimidazole",C1=CC=NC(=C1)C2=NC3=C(N2)C(=C(C(=C3F)F)F)F,C12H5F4N3,2,1,1,3.1813000000000002,267.04196004000005,19,41.57,0.45706038008178973,0
57395124,6-nitro-2-(3-thienyl)-1H-benzimidazole,C1=CC2=C(C=C1[N+](=O)[O-])NC(=N2)C3=CSC=C3,C11H7N3O2S,4,1,2,3.199600000000001,245.025897464,17,71.82,0.23670286828181566,0
9795161,2-(1-methyl-4-piperidyl)-6-nitro-1H-benzimidazole,CN1CCC(CC1)C2=NC3=C(N2)C=C(C=C3)[N+](=O)[O-],C13H16N4O2,4,1,2,2.2803000000000004,260.127325752,19,75.06,0.253130828670397,0
65017788,2-(5-bromo-2-furyl)-6-methoxy-1H-benzimidazole,COC1=CC2=C(C=C1)N=C(N2)C3=CC=C(O3)Br,C12H9BrN2O2,3,1,2,3.594000000000001,291.98473962800006,17,51.05,0.3330068560235064,0
9839832,"6-methoxy-2-(3,4,5-trimethoxyphenyl)-1H-benzimidazole",COC1=CC2=C(C=C1)N=C(N2)C3=CC(=C(C(=C3)OC)OC)OC,C17H18N2O4,5,1,5,3.264300000000002,314.126657056,23,65.60000000000001,0.35060975609756095,0
135391775,"N-(3,4-dimethylphenyl)-2-(5-nitro-2-furyl)-3H-benzimidazole-5-carboxamide",CC1=C(C=C(C=C1)NC(=O)C2=CC3=C(C=C2)N=C(N3)C4=CC=C(O4)[N+](=O)[O-])C,C20H16N4O4,5,2,4,4.600240000000002,376.11715499199994,28,114.06,0.24548483254427494,0
4385218,2-(3-chlorophenyl)-6-methyl-1H-benzimidazole,CC1=CC2=C(C=C1)N=C(N2)C3=CC(=CC=C3)Cl,C14H11ClN2,1,1,1,4.191720000000002,242.061076032,17,28.68,0.592747559274756,0
166631132,"[(E)-[1H-benzimidazol-2-yl(cyano)methylene]amino] N,N-dimethylcarbamate",CN(C)C(=O)ON=C(C#N)C1=NC2=CC=CC=C2N1,C12H11N5O2,5,1,2,1.48878,257.091274592,19,94.37,0.20133517007523577,0
64722096,4-(4-methyl-1H-benzimidazol-2-yl)thiazole,CC1=C2C(=CC=C1)NC(=N2)C3=CSC=N3,C11H9N3S,3,1,1,2.9948200000000007,215.051718288,15,41.57,0.36083714216983404,0
13004851,6-fluoro-2-(5-methyl-2-thienyl)-1H-benzimidazole,CC1=CC=C(S1)C2=NC3=C(N2)C=C(C=C3)F,C12H9FN2S,2,1,1,3.738920000000001,232.047047508,16,28.68,0.5578800557880056,0
129752907,"3-methyl-2-(5-nitro-2-furyl)imidazo[4,5-f]quinoline",CN1C2=C(C3=C(C=C2)N=CC=C3)N=C1C4=CC=C(O4)[N+](=O)[O-],C15H10N4O3,6,0,2,3.2897000000000016,294.07529017999997,22,86.99,0.2529026324864927,0
136784574,"2-(4,7-dihydroxy-1H-benzimidazol-2-yl)thiazole-4-carboxylic acid",C1=CC(=C2C(=C1O)NC(=N2)C3=NC(=CS3)C(=O)O)O,C11H7N3O4S,6,4,2,1.7957999999999998,277.01572670400003,19,119.33000000000001,0.15922232464593983,0
430557,2-pyridin-1-ium-1-yl-1H-benzimidazole,C1=CC=[N+](C=C1)C2=NC3=CC=CC=C3N2,C12H10N3+,1,1,1,1.8396,196.08692374009,15,32.56,0.46068796068796064,0
135391702,N-(4-bromophenyl)-2-(5-nitro-2-furyl)-3H-benzimidazole-5-carboxamide,C1=CC(=CC=C1NC(=O)C2=CC3=C(C=C2)N=C(N3)C4=CC=C(O4)[N+](=O)[O-])Br,C18H11BrN4O4,5,2,4,4.745900000000002,425.99636693199994,27,114.06,0.23671751709626512,0
794634,2-(3-methoxyphenyl)-1H-benzimidazole,COC1=CC=CC(=C1)C2=NC3=CC=CC=C3N2,C14H12N2O,2,1,2,3.238500000000001,224.094963004,17,37.91,0.4484304932735426,0
345772,6-methyl-2-(2-pyridyl)-1H-benzimidazole,CC1=CC2=C(C=C1)N=C(N2)C3=CC=CC=N3,C13H11N3,2,1,1,2.93332,209.095297352,16,41.57,0.38489295164782295,0
102883687,"2-(2-fluoro-4-methoxy-phenyl)-5,6-dimethyl-1H-benzimidazole",CC1=CC2=C(C=C1C)N=C(N2)C3=C(C=C(C=C3)OC)F,C16H15FN2O,2,1,2,3.9944400000000027,270.11684132,20,37.91,0.5275652862041678,0
12461041,4-methyl-2-(2-pyridyl)-1H-benzimidazole,CC1=C2C(=CC=C1)NC(=N2)C3=CC=CC=N3,C13H11N3,2,1,1,2.93332,209.095297352,16,41.57,0.38489295164782295,0
58156033,"1-(4,6-difluoro-1H-benzimidazol-2-yl)pyrazole-4-carboxylic acid",C1=C(C=C(C2=C1NC(=N2)N3C=C(C=N3)C(=O)O)F)F,C11H6F2N4O2,4,2,2,1.7249999999999999,264.045881872,19,83.8,0.22673031026252985,0
46906816,"2-(1,3-benzodioxol-5-yl)-6-(trifluoromethyl)-1H-benzimidazole",C1OC2=C(O1)C=C(C=C2)C3=NC4=C(N3)C=C(C=C4)C(F)(F)F,C15H9F3N2O2,3,1,1,3.977400000000001,306.061612188,22,47.14,0.4666949512091642,0
962232,1-ethyl-2-(2-furyl)benzimidazole,CCN1C2=CC=CC=C2N=C1C3=CC=CO3,C13H12N2O,3,0,2,3.316200000000002,212.094963004,16,30.96,0.5167958656330749,0
60981755,6-fluoro-2-(4-methoxyphenyl)-1H-benzimidazole,COC1=CC=C(C=C1)C2=NC3=C(N2)C=C(C=C3)F,C14H11FN2O,2,1,2,3.377600000000002,242.085541192,18,37.91,0.474808757583751,0
45102710,1-[6-chloro-5-(trifluoromethoxy)-1H-benzimidazol-2-yl]pyrazole-4-carboxylic acid,C1=C2C(=CC(=C1Cl)OC(F)(F)F)N=C(N2)N3C=C(C=N3)C(=O)O,C12H6ClF3N4O3,5,2,3,2.9988,346.00805239199997,23,93.03,0.2472320756745136,0
58156095,"1-(4,5-difluoro-1H-benzimidazol-2-yl)pyrazole-4-carboxylic acid",C1=CC(=C(C2=C1NC(=N2)N3C=C(C=N3)C(=O)O)F)F,C11H6F2N4O2,4,2,2,1.7249999999999999,264.045881872,19,83.8,0.22673031026252985,0
14592768,6-methyl-2-(5-nitro-2-furyl)-1H-benzimidazole,CC1=CC2=C(C=C1)N=C(N2)C3=CC=C(O3)[N+](=O)[O-],C12H9N3O3,4,1,2,3.0395200000000004,243.064391148,18,84.96,0.21186440677966104,0
101678039,hydroxy-[5-(6-hydroxy-1H-benzimidazol-2-yl)-2-furyl]-oxo-ammonium,C1=CC2=C(C=C1O)NC(=N2)C3=CC=C(O3)[N+](=O)O,C11H8N3O4+,4,3,2,2.3281,246.05093215609,18,102.36,0.1758499413833529,0
68602100,2-(3-chlorophenyl)-6-nitro-1H-benzimidazole,C1=CC(=CC(=C1)Cl)C2=NC3=C(N2)C=C(C=C3)[N+](=O)[O-],C13H8ClN3O2,3,1,2,3.791500000000002,273.03050417599997,19,71.82,0.2645502645502646,0
13004840,6-bromo-2-(5-methyl-2-furyl)-1H-benzimidazole,CC1=CC=C(O1)C2=NC3=C(N2)C=C(C=C3)Br,C12H9BrN2O,2,1,1,3.8938200000000007,275.989825008,16,41.82,0.3825920612147298,0
137136048,2-(6-hydroxy-1H-benzimidazol-2-yl)thiazol-4-ol,C1=CC2=C(C=C1O)NC(=N2)C3=NC(=CS3)O,C10H7N3O2S,5,3,1,2.0976000000000004,233.025897464,16,82.03,0.19505059124710472,0
135391692,N-(4-chlorophenyl)-2-(5-nitro-2-furyl)-3H-benzimidazole-5-carboxamide,C1=CC(=CC=C1NC(=O)C2=CC3=C(C=C2)N=C(N3)C4=CC=C(O4)[N+](=O)[O-])Cl,C18H11ClN4O4,5,2,4,4.636800000000002,382.04688251199997,27,114.06,0.23671751709626512,0
135770292,[(E)-[5-[6-(trifluoromethyl)-1H-benzimidazol-2-yl]-2-furyl]methyleneamino]thiourea,C1=CC2=C(C=C1C(F)(F)F)NC(=N2)C3=CC=C(O3)C=NNC(=S)N,C14H10F3N5OS,4,3,3,3.008800000000001,353.0558156000001,24,92.22999999999999,0.2602190176732083,0
16227558,2-(1-methylpyrazol-4-yl)-1H-benzimidazole,CN1C=C(C=N1)C2=NC3=CC=CC=C3N2,C11H10N4,3,1,1,1.9633999999999998,198.09054632,15,46.5,0.3225806451612903,0
14592773,6-methyl-2-(5-nitro-2-thienyl)-1H-benzimidazole,CC1=CC2=C(C=C1)N=C(N2)C3=CC=C(S3)[N+](=O)[O-],C12H9N3O2S,4,1,2,3.508020000000001,259.041547528,18,71.82,0.25062656641604014,0
45040513,"4-(4,5,6,7-tetradeuterio-1H-benzimidazol-2-yl)thiazole",C1=CC=C2C(=C1)NC(=N2)C3=CSC=N3,C10H7N3S,3,1,1,2.686400000000001,201.036068224,14,41.57,0.33678133269184507,0
623646,6-nitro-2-(5-nitro-2-furyl)-1H-benzimidazole,C1=CC2=C(C=C1[N+](=O)[O-])NC(=N2)C3=CC=C(O3)[N+](=O)[O-],C11H6N4O5,6,1,3,2.6393000000000004,274.033819292,20,128.1,0.156128024980484,0
58156020,1-(6-chloro-5-cyano-1H-benzimidazol-2-yl)pyrazole-4-carboxylic acid,C1=C(C(=CC2=C1N=C(N2)N3C=C(C=N3)C(=O)O)Cl)C#N,C12H6ClN5O2,5,2,2,1.9718799999999994,287.021002112,20,107.59,0.18589088205223533,0
53325080,N'-(3-chlorobenzoyl)-2-(5-nitro-2-furyl)-3H-benzimidazole-5-carbohydrazide,C1=CC(=CC(=C1)Cl)C(=O)NNC(=O)C2=CC3=C(C=C2)N=C(N3)C4=CC=C(O4)[N+](=O)[O-],C19H12ClN5O5,6,3,4,3.4593000000000007,425.052696164,30,143.16,0.2095557418273261,0
52991963,"2-(1,1,2,2,3,3,3-heptafluoropropyl)-6-nitro-1H-benzimidazole",C1=CC2=C(C=C1[N+](=O)[O-])NC(=N2)C(C(C(F)(F)F)(F)F)(F)F,C10H4F7N3O2,3,1,3,3.7604999999999995,331.01917390799997,22,71.82,0.30632135895293794,0
53321120,N'-(4-chlorobenzoyl)-2-(5-nitro-2-furyl)-3H-benzimidazole-5-carbohydrazide,C1=CC(=CC=C1C(=O)NNC(=O)C2=CC3=C(C=C2)N=C(N3)C4=CC=C(O4)[N+](=O)[O-])Cl,C19H12ClN5O5,6,3,4,3.4593000000000007,425.05269616399994,30,143.16,0.2095557418273261,0
102268666,5-(6-methyl-1H-benzimidazol-2-yl)furan-2-carbaldehyde,CC1=CC2=C(C=C1)N=C(N2)C3=CC=C(O3)C=O,C13H10N2O2,3,1,2,2.9438200000000005,226.07422756,17,58.89,0.2886737986075734,0
155814099,3-(6-chloro-1H-benzimidazol-2-yl)-5-isopropyl-isoxazole,CC(C)C1=CC(=NO1)C2=NC3=C(N2)C=C(C=C3)Cl,C13H12ClN3O,3,1,2,3.9947000000000017,261.066889684,18,54.71,0.3290074940595869,0
14265329,5-(1H-benzimidazol-2-yl)furan-2-carbaldehyde,C1=CC=C2C(=C1)NC(=N2)C3=CC=C(O3)C=O,C12H8N2O2,3,1,2,2.6354000000000006,212.058577496,16,58.89,0.271692986924775,0
12509518,4-chloro-2-(2-pyridyl)-1H-benzimidazole,C1=CC=NC(=C1)C2=NC3=C(N2)C=CC=C3Cl,C12H8ClN3,2,1,1,3.2783000000000015,229.040674936,16,41.57,0.38489295164782295,0
58156023,1-(6-fluoro-5-isopropylsulfanyl-1H-benzimidazol-2-yl)pyrazole-4-carboxylic acid,CC(C)SC1=C(C=C2C(=C1)N=C(N2)N3C=C(C=N3)C(=O)O)F,C14H13FN4O2S,5,2,4,3.0864000000000003,320.074324876,22,83.8,0.26252983293556087,0
101432362,1-ethyl-2-(6-methyl-2-pyridyl)benzimidazole,CCN1C2=CC=CC=C2N=C1C3=CC=CC(=N3)C,C15H15N3,3,0,2,3.4266200000000016,237.12659748,18,30.71,0.5861282969716705,0
14592772,2-(5-nitro-2-thienyl)-1H-benzimidazole,C1=CC=C2C(=C1)NC(=N2)C3=CC=C(S3)[N+](=O)[O-],C11H7N3O2S,4,1,2,3.199600000000001,245.025897464,17,71.82,0.23670286828181566,0
278830,2-(3-nitrophenyl)-1H-benzimidazole,C1=CC=C2C(=C1)NC(=N2)C3=CC(=CC=C3)[N+](=O)[O-],C13H9N3O2,3,1,2,3.1381000000000014,239.069476528,18,71.82,0.25062656641604014,0
136784573,"2-(4,7-dimethoxy-1H-benzimidazol-2-yl)thiazole-4-carboxamide",COC1=C2C(=C(C=C1)OC)N=C(N2)C3=NC(=CS3)C(=O)N,C13H12N4O3S,6,2,4,1.8024999999999998,304.063011244,21,103.11999999999999,0.20364623739332818,0
20347802,2-(3-methyl-2-pyridyl)-1H-benzimidazole,CC1=C(N=CC=C1)C2=NC3=CC=CC=C3N2,C13H11N3,2,1,1,2.933320000000001,209.095297352,16,41.57,0.38489295164782295,0
13004839,2-(5-bromo-2-furyl)-6-chloro-1H-benzimidazole,C1=CC2=C(C=C1Cl)NC(=N2)C3=CC=C(O3)Br,C11H6BrClN2O,2,1,1,4.238800000000001,295.935202592,16,41.82,0.3825920612147298,0
44377278,[6-(1H-benzimidazol-2-yl)-2-pyridyl]methanol,C1=CC=C2C(=C1)NC(=N2)C3=CC=CC(=N3)CO,C13H11N3O,3,2,2,2.1172,225.090211972,17,61.8,0.2750809061488673,0
86766118,[2-(2-pyridyl)-3H-benzimidazol-5-yl]methanethiol,C1=CC=NC(=C1)C2=NC3=C(N2)C=C(C=C3)CS,C13H11N3S,3,2,2,3.054700000000001,241.067368352,17,41.57,0.40894876112581185,0
57815678,4-(1H-benzimidazol-3-ium-2-yl)thiazole,C1=CC=C2C(=C1)NC(=[NH+]2)C3=CSC=N3,C10H8N3S+,2,1,1,2.1054999999999993,202.04334467609,14,42.82,0.3269500233535731,0
53326764,"N'-(3,4-dimethoxybenzoyl)-2-(5-nitro-2-furyl)-3H-benzimidazole-5-carbohydrazide",COC1=C(C=C(C=C1)C(=O)NNC(=O)C2=CC3=C(C=C2)N=C(N3)C4=CC=C(O4)[N+](=O)[O-])OC,C21H17N5O7,8,3,6,2.823100000000001,451.112797884,33,161.62,0.20418265066204677,0
4915658,2-(3-methyl-2-thienyl)-3H-benzimidazole-5-carboxylic acid,CC1=C(SC=C1)C2=NC3=C(N2)C=C(C=C3)C(=O)O,C13H10N2O2S,3,2,2,3.298020000000001,258.04629856,18,65.98,0.2728099424067899,0
145965013,"6-chloro-2-(2-chloro-3,4-dimethoxy-phenyl)-1H-benzimidazole",COC1=C(C(=C(C=C1)C2=NC3=C(N2)C=C(C=C3)Cl)Cl)OC,C15H12Cl2N2O2,3,1,3,4.553900000000001,322.02758298399993,21,47.14,0.4454815443360204,0
3384969,"2-(3,5-dichlorophenyl)-1H-benzimidazole",C1=CC=C2C(=C1)NC(=N2)C3=CC(=CC(=C3)Cl)Cl,C13H8Cl2N2,1,1,1,4.536700000000001,262.006453616,17,28.68,0.592747559274756,0
881881,5-(1-methylbenzimidazol-2-yl)furan-2-carbaldehyde,CN1C2=CC=CC=C2N=C1C3=CC=C(O3)C=O,C13H10N2O2,4,0,2,2.6458000000000004,226.07422756,17,48.03,0.3539454507599417,0
21912640,[4-(1H-benzimidazol-2-yl)thiazol-2-yl]methanamine,C1=CC=C2C(=C1)NC(=N2)C3=CSC(=N3)CN,C11H10N4S,4,2,2,2.1451,230.06261732,16,67.59,0.23672140849238052,0
60978906,"5,6-dimethyl-2-(5-methyl-2-furyl)-1H-benzimidazole",CC1=CC=C(O1)C2=NC3=C(N2)C=C(C(=C3)C)C,C14H14N2O,2,1,1,3.748160000000002,226.110613068,17,41.82,0.4065040650406504,0
58156081,1-(4-bromo-6-fluoro-1H-benzimidazol-2-yl)pyrazole-4-carboxylic acid,C1=C(C=C(C2=C1NC(=N2)N3C=C(C=N3)C(=O)O)Br)F,C11H6BrFN4O2,4,2,2,2.3484,323.96581575199997,19,83.8,0.22673031026252985,0
15125061,1-hydroxy-2-(3-nitrophenyl)-3-oxido-benzimidazol-3-ium,C1=CC=C2C(=C1)N(C(=[N+]2[O-])C3=CC(=CC=C3)[N+](=O)[O-])O,C13H9N3O4,5,1,2,2.0871999999999997,271.059305768,20,95.24,0.20999580008399832,0
13004841,6-bromo-2-(5-ethyl-2-furyl)-1H-benzimidazole,CCC1=CC=C(O1)C2=NC3=C(N2)C=C(C=C3)Br,C13H11BrN2O,2,1,2,4.147800000000001,290.005475072,17,41.82,0.4065040650406504,0
56691209,1-methyl-2-(3-nitrophenyl)benzimidazole,CN1C2=CC=CC=C2N=C1C3=CC(=CC=C3)[N+](=O)[O-],C14H11N3O2,4,0,2,3.148500000000002,253.085126592,19,60.959999999999994,0.31167979002624674,0
53322958,N'-(3-methoxybenzoyl)-2-(5-nitro-2-furyl)-3H-benzimidazole-5-carbohydrazide,COC1=CC=CC(=C1)C(=O)NNC(=O)C2=CC3=C(C=C2)N=C(N3)C4=CC=C(O4)[N+](=O)[O-],C20H15N5O6,7,3,5,2.8145000000000007,421.1022332,31,152.39000000000001,0.20342542161559155,0
23827739,"5,6-dichloro-2-(3-methoxyphenyl)-1H-benzimidazole",COC1=CC=CC(=C1)C2=NC3=CC(=C(C=C3N2)Cl)Cl,C14H10Cl2N2O,2,1,2,4.545300000000001,292.01701829999996,19,37.91,0.5011870218939595,0
64722913,4-(4-chloro-1H-benzimidazol-2-yl)thiazole,C1=CC2=C(C(=C1)Cl)N=C(N2)C3=CSC=N3,C10H6ClN3S,3,1,1,3.3398000000000003,234.997095872,15,41.57,0.36083714216983404,0
827976,2-(5-methyl-2-furyl)-1H-benzimidazole,CC1=CC=C(O1)C2=NC3=CC=CC=C3N2,C12H10N2O,2,1,1,3.1313200000000005,198.07931294,15,41.82,0.3586800573888092,0
794743,6-methyl-2-(3-nitrophenyl)-1H-benzimidazole,CC1=CC2=C(C=C1)N=C(N2)C3=CC(=CC=C3)[N+](=O)[O-],C14H11N3O2,3,1,2,3.4465200000000022,253.085126592,19,71.82,0.2645502645502646,0
23655818,"2-(2,4,5-trimethoxyphenyl)-1H-benzimidazole",COC1=CC(=C(C=C1C2=NC3=CC=CC=C3N2)OC)OC,C16H16N2O3,4,1,4,3.255700000000001,284.116092372,21,56.370000000000005,0.37253858435337944,0
46225706,"4-(5-nitro-2-furyl)-10-oxa-3,5-diazatetracyclo[10.4.0.02,6.07,11]hexadeca-1(16),2(6),4,7(11),8,12,14-heptaene",C1=CC=C2C(=C1)C3=C(C4=C2OC=C4)N=C(N3)C5=CC=C(O5)[N+](=O)[O-],C17H9N3O4,5,1,2,4.630500000000002,319.059305768,24,98.1,0.24464831804281348,0
69713187,6-nitro-2-pyrrolidin-1-yl-1H-benzimidazole,C1CCN(C1)C2=NC3=C(N2)C=C(C=C3)[N+](=O)[O-],C11H12N4O2,4,1,2,2.0713,232.096025624,17,75.06,0.22648547828403942,0
135391756,"N-(2,5-dimethylphenyl)-2-(5-nitro-2-furyl)-3H-benzimidazole-5-carboxamide",CC1=CC(=C(C=C1)C)NC(=O)C2=CC3=C(C=C2)N=C(N3)C4=CC=C(O4)[N+](=O)[O-],C20H16N4O4,5,2,4,4.600240000000003,376.11715499199994,28,114.06,0.24548483254427494,0
135804529,2-(5-methyl-1H-pyrazol-3-yl)-1H-benzimidazole,CC1=CC(=NN1)C2=NC3=CC=CC=C3N2,C11H10N4,2,2,1,2.2614199999999998,198.09054632,15,57.36,0.2615062761506276,0
136263045,3-(6-fluoro-1H-benzimidazol-2-yl)isoxazole,C1=CC2=C(C=C1F)NC(=N2)C3=NOC=C3,C10H6FN3O,3,1,1,2.357,203.049490032,15,54.71,0.2741729117163224,0
14006192,2-(3-methylimidazol-3-ium-1-yl)-1H-benzimidazole,C[N+]1=CN(C=C1)C2=NC3=CC=CC=C3N2,C11H11N4+,2,1,1,1.1780999999999995,199.09782277208998,15,37.489999999999995,0.4001066951186984,0
762761,2-(3-nitrophenyl)-3H-benzimidazole-5-carboxylic acid,C1=CC(=CC(=C1)[N+](=O)[O-])C2=NC3=C(N2)C=C(C=C3)C(=O)O,C14H9N3O4,4,2,3,2.8363000000000005,283.059305768,21,109.11999999999999,0.19244868035190618,0
46886441,"2-(3,5-dimethoxyphenyl)-6-(trifluoromethyl)-1H-benzimidazole",COC1=CC(=CC(=C1)C2=NC3=C(N2)C=C(C=C3)C(F)(F)F)OC,C16H13F3N2O2,3,1,3,4.265900000000002,322.09291231599997,23,47.14,0.48790835808230804,0
162666860,1-[2-(6-nitro-1H-benzimidazol-2-yl)phenyl]ethanone,CC(=O)C1=CC=CC=C1C2=NC3=C(N2)C=C(C=C3)[N+](=O)[O-],C15H11N3O3,4,1,3,3.3407000000000027,281.080041212,21,88.89,0.2362470469119136,0
2771803,2-(3-thienyl)-3H-benzimidazole-5-carboxylic acid,C1=CC2=C(C=C1C(=O)O)NC(=N2)C3=CSC=C3,C12H8N2O2S,3,2,2,2.9896000000000003,244.030648496,17,65.97999999999999,0.25765383449530166,0
19224795,methyl 4-(6-methyl-1H-benzimidazol-2-yl)benzoate,CC1=CC2=C(C=C1)N=C(N2)C3=CC=C(C=C3)C(=O)OC,C16H14N2O2,3,1,2,3.3249200000000014,266.105527688,20,54.980000000000004,0.36376864314296103,0
137638071,2-[6-(trifluoromethyl)-1H-benzimidazol-2-yl]quinoline,C1=CC=C2C(=C1)C=CC(=N2)C3=NC4=C(N3)C=C(C=C4)C(F)(F)F,C17H10F3N3,2,1,1,4.796900000000002,313.08268198,23,41.57,0.5532836179937455,0
102268664,[5-(6-fluoro-1H-benzimidazol-2-yl)-2-furyl]methanol,C1=CC2=C(C=C1F)NC(=N2)C3=CC=C(O3)CO,C12H9FN2O2,3,2,2,2.4543000000000004,232.064805748,17,62.05,0.27397260273972607,0
19827864,5-methyl-6-[2-(5-nitro-2-furyl)-3H-benzimidazol-5-yl]hexahydropyridazin-3-one,CC1CC(=O)NNC1C2=CC3=C(C=C2)N=C(N3)C4=CC=C(O4)[N+](=O)[O-],C16H15N5O4,6,3,3,2.4327999999999994,341.11240396,25,126.09,0.1982710762154017,0
324550,2-(3-thienyl)-1H-benzimidazole,C1=CC=C2C(=C1)NC(=N2)C3=CSC=C3,C11H8N2S,2,1,1,3.291400000000001,200.040819256,14,28.68,0.4881450488145049,0
47272620,1-ethyl-2-(3-nitrophenyl)benzimidazole,CCN1C2=CC=CC=C2N=C1C3=CC(=CC=C3)[N+](=O)[O-],C15H13N3O2,4,0,3,3.631400000000003,267.100776656,20,60.959999999999994,0.32808398950131235,0
11203792,"8-[3-[2-(3,4-dimethoxyphenyl)ethylamino]propyl]-6,6-dimethyl-2-(5-nitro-2-furyl)-3H-imidazo[4,5-h]isoquinoline-7,9-dione",CC1(C2=C(C3=C(C=C2)NC(=N3)C4=CC=C(O4)[N+](=O)[O-])C(=O)N(C1=O)CCCNCCC5=CC(=C(C=C5)OC)OC)C,C29H31N5O7,9,2,11,4.230700000000003,561.2223483319999,41,152.82999999999998,0.2682719361381928,1
12498738,6-chloro-2-(2-thienyl)-1H-benzimidazole,C1=CSC(=C1)C2=NC3=C(N2)C=C(C=C3)Cl,C11H7ClN2S,2,1,1,3.9448000000000008,234.001846904,15,28.68,0.5230125523012552,0
13004830,2-(5-bromo-2-furyl)-6-methyl-1H-benzimidazole,CC1=CC2=C(C=C1)N=C(N2)C3=CC=C(O3)Br,C12H9BrN2O,2,1,1,3.8938200000000007,275.989825008,16,41.82,0.3825920612147298,0
3159624,"4-(5,6-dimethyl-1H-benzimidazol-2-yl)butanoic acid",CC1=CC2=C(C=C1C)N=C(N2)CCCC(=O)O,C13H16N2O2,2,2,4,2.58704,232.121177752,17,65.98,0.2576538344953016,0
21101171,"methyl 4-(5,6-dichloro-1H-benzimidazol-2-yl)benzoate",COC(=O)C1=CC=C(C=C1)C2=NC3=CC(=C(C=C3N2)Cl)Cl,C15H10Cl2N2O2,3,1,2,4.3233000000000015,320.01193292,21,54.98,0.38195707530010914,0
163411298,(2R)-2-[5-(4-acetylpiperazine-1-carbonyl)-2-(5-nitro-2-furyl)benzimidazol-1-yl]-N-ethyl-N'-ethylidene-pentanediamide,CCNC(=O)C(CCC(=O)N=CC)N1C2=C(C=C(C=C2)C(=O)N3CCN(CC3)C(=O)C)N=C1C4=CC=C(O4)[N+](=O)[O-],C27H31N7O7,9,1,9,2.5835,565.228496332,41,173.24999999999997,0.2366522366522367,1
19224120,2-(3-ethoxyphenyl)-1H-benzimidazole,CCOC1=CC=CC(=C1)C2=NC3=CC=CC=C3N2,C15H14N2O,2,1,3,3.6286000000000014,238.110613068,18,37.91,0.474808757583751,0
129877452,"1-[5-(1-methylbenzimidazol-2-yl)-2-furyl]butane-1,3-dione",CC(=O)CC(=O)C1=CC=C(O1)C2=NC3=CC=CC=C3N2C,C16H14N2O3,5,0,4,2.9951000000000008,282.100442308,21,65.1,0.32258064516129037,0
45784059,1-[(3S)-3-[6-(trifluoromethyl)-1H-benzimidazol-2-yl]pyrrolidin-1-yl]ethanone,CC(=O)N1CCC(C1)C2=NC3=C(N2)C=C(C=C3)C(F)(F)F,C14H14F3N3O,2,1,1,2.9175000000000004,297.108896728,21,48.99,0.42865890998162887,0
4983998,2-(2-pyridyl)-3H-benzimidazol-5-ol,C1=CC=NC(=C1)C2=NC3=C(N2)C=C(C=C3)O,C12H9N3O,3,2,1,2.3305000000000002,211.074561908,16,61.8,0.25889967637540456,0
22096712,2-(5-nitro-2-thienyl)-3H-benzimidazole-5-carboxylic acid,C1=CC2=C(C=C1C(=O)O)NC(=N2)C3=CC=C(S3)[N+](=O)[O-],C12H7N3O4S,5,2,3,2.8978,289.015726704,20,109.12,0.18328445747800587,0
13004837,6-chloro-2-(5-ethyl-2-furyl)-1H-benzimidazole,CCC1=CC=C(O1)C2=NC3=C(N2)C=C(C=C3)Cl,C13H11ClN2O,2,1,2,4.038700000000001,246.055990652,17,41.82,0.4065040650406504,0
44376953,2-(6-methoxy-2-pyridyl)-6-methyl-1H-benzimidazole,CC1=CC2=C(C=C1)N=C(N2)C3=NC(=CC=C3)OC,C14H13N3O,3,1,2,2.9419200000000005,239.105862036,18,50.8,0.35433070866141736,0
136026200,ethyl 2-(1H-benzimidazol-2-yl)thiazole-4-carboxylate,CCOC(=O)C1=CSC(=N1)C2=NC3=CC=CC=C3N2,C13H11N3O2S,5,1,3,2.863100000000001,273.057197592,19,67.87,0.2799469574185944,0
3065144,[5-(6-chloro-1H-benzimidazol-2-yl)-2-furyl]methanol,C1=CC2=C(C=C1Cl)NC(=N2)C3=CC=C(O3)CO,C12H9ClN2O2,3,2,2,2.968600000000001,248.035255208,17,62.05,0.27397260273972607,0
136271501,2-(1H-benzimidazol-2-yl)-4-methyl-thiazole,CC1=CSC(=N1)C2=NC3=CC=CC=C3N2,C11H9N3S,3,1,1,2.9948200000000007,215.051718288,15,41.57,0.36083714216983404,0
924717,2-(4-methoxyphenyl)-6-methyl-1H-benzimidazole,CC1=CC2=C(C=C1)N=C(N2)C3=CC=C(C=C3)OC,C15H14N2O,2,1,2,3.546920000000002,238.110613068,18,37.91,0.474808757583751,0
12605805,"2-(1,4-dimethylpyridin-1-ium-3-yl)-1H-benzimidazole",CC1=C(C=[N+](C=C1)C)C2=NC3=CC=CC=C3N2,C14H14N3+,1,1,1,2.36282,224.11822386808998,17,32.56,0.5221130221130221,0
323391,2-(3-furyl)-1H-benzimidazole,C1=CC=C2C(=C1)NC(=N2)C3=COC=C3,C11H8N2O,2,1,1,2.8229000000000006,184.063662876,14,41.82,0.3347680535628886,0
135995578,3-(1H-benzimidazol-2-yl)isoxazole,C1=CC=C2C(=C1)NC(=N2)C3=NOC=C3,C10H7N3O,3,1,1,2.2178999999999993,185.058911844,14,54.71,0.2558947176019009,0
186763,6-chloro-2-(2-pyridyl)-1H-benzimidazole,C1=CC=NC(=C1)C2=NC3=C(N2)C=C(C=C3)Cl,C12H8ClN3,2,1,1,3.2783000000000007,229.040674936,16,41.57,0.38489295164782295,0
82947313,"4,6-dimethyl-2-(2-pyridyl)-1H-benzimidazole",CC1=CC(=C2C(=C1)NC(=N2)C3=CC=CC=N3)C,C14H13N3,2,1,1,3.241740000000001,223.110947416,17,41.57,0.40894876112581185,0
71404254,2-(2-pyridyl)-1-vinyl-benzimidazole,C=CN1C2=CC=CC=C2N=C1C3=CC=CC=N3,C14H11N3,3,0,2,3.198800000000002,221.095297352,17,30.71,0.5535656138065776,0
66937488,1-[5-ethylsulfanyl-6-(trifluoromethyl)-1H-benzimidazol-2-yl]pyrazole-4-carboxylic acid,CCSC1=CC2=C(C=C1C(F)(F)F)NC(=N2)N3C=C(C=N3)C(=O)O,C14H11F3N4O2S,5,2,4,3.577600000000002,356.055481252,24,83.8,0.2863961813842482,0
136055869,2-(6-methyl-2-pyridyl)-3H-benzimidazol-5-ol,CC1=NC(=CC=C1)C2=NC3=C(N2)C=C(C=C3)O,C13H11N3O,3,2,1,2.63892,225.090211972,17,61.8,0.2750809061488673,0
14592775,6-bromo-2-(5-nitro-2-thienyl)-1H-benzimidazole,C1=CC2=C(C=C1Br)NC(=N2)C3=CC=C(S3)[N+](=O)[O-],C11H6BrN3O2S,4,1,2,3.9621000000000013,322.93640953199997,18,71.82,0.25062656641604014,0
59018257,2-(2-fluorophenyl)-4-methyl-1H-benzimidazole,CC1=C2C(=CC=C1)NC(=N2)C3=CC=CC=C3F,C14H11FN2,1,1,1,3.6774200000000015,226.090626572,17,28.68,0.592747559274756,0
164619002,2-(4-bromopyrazol-1-yl)-1H-benzimidazole,C1=CC=C2C(=C1)NC(=N2)N3C=C(C=N3)Br,C10H7BrN4,3,1,1,2.5111,261.985408324,15,46.5,0.3225806451612903,0
11535861,4-(6-methyl-1H-benzimidazol-2-yl)thiazole,CC1=CC2=C(C=C1)N=C(N2)C3=CSC=N3,C11H9N3S,3,1,1,2.9948200000000007,215.051718288,15,41.57,0.36083714216983404,0
15544259,"3-methyl-2-(5-nitro-2-furyl)phenanthro[9,10-d]imidazole",CN1C2=C(C3=CC=CC=C3C4=CC=CC=C42)N=C1C5=CC=C(O5)[N+](=O)[O-],C20H13N3O3,5,0,2,5.047900000000004,343.09569127599997,26,74.1,0.3508771929824562,1
924806,6-methyl-2-(2-thienyl)-1H-benzimidazole,CC1=CC2=C(C=C1)N=C(N2)C3=CC=CS3,C12H10N2S,2,1,1,3.599820000000001,214.05646932,15,28.68,0.5230125523012552,0
145975978,"2-(2-bromo-4,5-dimethoxy-phenyl)-6-chloro-1H-benzimidazole",COC1=C(C=C(C(=C1)C2=NC3=C(N2)C=C(C=C3)Cl)Br)OC,C15H12BrClN2O2,3,1,3,4.663000000000002,365.97706740399997,21,47.14,0.4454815443360204,0
762579,"methyl 4-(4,6-dichloro-1H-benzimidazol-2-yl)benzoate",COC(=O)C1=CC=C(C=C1)C2=NC3=C(N2)C=C(C=C3Cl)Cl,C15H10Cl2N2O2,3,1,2,4.3233000000000015,320.01193292,21,54.98,0.38195707530010914,0
13004828,2-(5-ethyl-2-furyl)-6-methyl-1H-benzimidazole,CCC1=CC=C(O1)C2=NC3=C(N2)C=C(C=C3)C,C14H14N2O,2,1,2,3.6937200000000017,226.110613068,17,41.82,0.4065040650406504,0
164576227,2-[1-(2-chloroethyl)-5-nitro-imidazol-2-yl]-6-methoxy-1H-benzimidazole,COC1=CC2=C(C=C1)N=C(N2)C3=NC=C(N3CCCl)[N+](=O)[O-],C13H12ClN5O3,6,1,5,2.5820000000000007,321.06286692399993,22,98.87,0.22251441286537876,0
164576214,2-[1-(2-chloroethyl)-5-nitro-imidazol-2-yl]-6-methyl-1H-benzimidazole,CC1=CC2=C(C=C1)N=C(N2)C3=NC=C(N3CCCl)[N+](=O)[O-],C13H12ClN5O2,5,1,4,2.8818200000000003,305.06795230399996,21,89.64,0.23427041499330656,0
767074,2-(3-chlorophenyl)-1H-benzimidazole,C1=CC=C2C(=C1)NC(=N2)C3=CC(=CC=C3)Cl,C13H9ClN2,1,1,1,3.883300000000001,228.045425968,16,28.68,0.5578800557880056,0
135391724,2-(5-nitro-2-furyl)-N-(o-tolyl)-3H-benzimidazole-5-carboxamide,CC1=CC=CC=C1NC(=O)C2=CC3=C(C=C2)N=C(N3)C4=CC=C(O4)[N+](=O)[O-],C19H14N4O4,5,2,4,4.291820000000002,362.10150492799994,27,114.06,0.23671751709626512,0
164576236,2-[1-(2-chloroethyl)-5-nitro-imidazol-2-yl]-6-ethoxy-1H-benzimidazole,CCOC1=CC2=C(C=C1)N=C(N2)C3=NC=C(N3CCCl)[N+](=O)[O-],C14H14ClN5O3,6,1,6,2.972100000000001,335.07851698799993,23,98.87,0.2326287043592596,0
659045,1-[5-(1-methylbenzimidazol-2-yl)-2-furyl]ethanone,CC(=O)C1=CC=C(O1)C2=NC3=CC=CC=C3N2C,C14H12N2O2,4,0,2,3.0359000000000007,240.089877624,18,48.03,0.3747657713928794,0
49804934,"4,5,6-trifluoro-2-(2-pyridyl)-1H-benzimidazole",C1=CC=NC(=C1)C2=NC3=C(C(=C(C=C3N2)F)F)F,C12H6F3N3,2,1,1,3.0422000000000002,249.051381852,18,41.57,0.4330045706038008,0
129318142,"2,5-dideuterio-4-(4,5,6,7-tetradeuterio-1H-benzimidazol-2-yl)thiazole",C1=CC=C2C(=C1)NC(=N2)C3=CSC=N3,C10H7N3S,3,1,1,2.686400000000001,201.036068224,14,41.57,0.33678133269184507,0
102164755,"6-(1H-benzimidazol-2-yl)-N,N-dimethyl-pyridine-2-carboxamide",CN(C)C(=O)C1=CC=CC(=N1)C2=NC3=CC=CC=C3N2,C15H14N4O,3,1,2,2.3266999999999998,266.116761068,20,61.88,0.3232062055591467,0
136057368,4-methoxy-2-(6-methyl-1H-benzimidazol-2-yl)phenol,CC1=CC2=C(C=C1)N=C(N2)C3=C(C=CC(=C3)OC)O,C15H14N2O2,3,2,2,3.252520000000001,254.105527688,19,58.14,0.32679738562091504,0
9992031,2-(5-nitro-2-furyl)-3H-benzimidazol-5-amine,C1=CC2=C(C=C1N)NC(=N2)C3=CC=C(O3)[N+](=O)[O-],C11H8N4O3,5,2,2,2.3133,244.059640116,18,110.98000000000002,0.1621913858352856,0
44376735,6-(1H-benzimidazol-2-yl)pyridine-2-carboxamide,C1=CC=C2C(=C1)NC(=N2)C3=NC(=CC=C3)C(=O)N,C13H10N4O,3,2,2,1.7237999999999996,238.08546094,18,84.66,0.21261516654854715,0
13004827,6-methyl-2-(5-methyl-2-furyl)-1H-benzimidazole,CC1=CC2=C(C=C1)N=C(N2)C3=CC=C(O3)C,C13H12N2O,2,1,1,3.4397400000000014,212.094963004,16,41.82,0.3825920612147298,0
73553250,1-[6-(1-methylbenzimidazol-2-yl)-2-pyridyl]ethanone,CC(=O)C1=CC=CC(=N1)C2=NC3=CC=CC=C3N2C,C15H13N3O,4,0,2,2.837900000000001,251.105862036,19,47.78,0.3976559229803265,0
13004832,6-fluoro-2-(5-methyl-2-furyl)-1H-benzimidazole,CC1=CC=C(O1)C2=NC3=C(N2)C=C(C=C3)F,C12H9FN2O,2,1,1,3.2704200000000014,216.069891128,16,41.82,0.3825920612147298,0
141836365,1-[2-(5-nitro-2-furyl)-3H-benzimidazol-5-yl]propan-1-one,CCC(=O)C1=CC2=C(C=C1)N=C(N2)C3=CC=C(O3)[N+](=O)[O-],C14H11N3O4,5,1,4,3.323800000000002,285.074955832,21,102.03,0.20582181711261394,0
13004836,6-chloro-2-(5-methyl-2-furyl)-1H-benzimidazole,CC1=CC=C(O1)C2=NC3=C(N2)C=C(C=C3)Cl,C12H9ClN2O,2,1,1,3.784720000000001,232.040340588,16,41.82,0.3825920612147298,0
14592777,6-fluoro-2-(5-nitro-2-thienyl)-1H-benzimidazole,C1=CC2=C(C=C1F)NC(=N2)C3=CC=C(S3)[N+](=O)[O-],C11H6FN3O2S,4,1,2,3.338700000000001,263.016475652,18,71.82,0.25062656641604014,0
134965041,"4,5-dimethyl-2-(1-methylbenzimidazol-2-yl)thiazole",CC1=C(SC(=N1)C2=NC3=CC=CC=C3N2C)C,C13H13N3S,4,0,1,3.313640000000002,243.083018416,17,30.71,0.5535656138065776,0
165356122,6-nitro-2-(1-piperidyl)-1H-benzimidazole,C1CCN(CC1)C2=NC3=C(N2)C=C(C=C3)[N+](=O)[O-],C12H14N4O2,4,1,2,2.4614000000000003,246.111675688,18,75.06,0.2398081534772182,0
14592770,6-bromo-2-(5-nitro-2-furyl)-1H-benzimidazole,C1=CC2=C(C=C1Br)NC(=N2)C3=CC=C(O3)[N+](=O)[O-],C11H6BrN3O3,4,1,2,3.4936000000000016,306.959253152,18,84.96,0.21186440677966104,0
145965737,2-(2-chloro-3-methoxy-phenyl)-6-fluoro-1H-benzimidazole,COC1=CC=CC(=C1Cl)C2=NC3=C(N2)C=C(C=C3)F,C14H10ClFN2O,2,1,2,4.0310000000000015,276.04656884,19,37.91,0.5011870218939595,0
156021233,[(E)-1-(1H-benzimidazol-2-yl)ethylideneamino] 2-chloroacetate,CC(=NOC(=O)CCl)C1=NC2=CC=CC=C2N1,C11H10ClN3O2,4,1,3,2.0689,251.04615424,17,67.34,0.25245025245025243,0
145973048,"2-(2-bromo-4,5-dimethoxy-phenyl)-6-fluoro-1H-benzimidazole",COC1=C(C=C(C(=C1)C2=NC3=C(N2)C=C(C=C3)F)Br)OC,C15H12BrFN2O2,3,1,3,4.1487000000000025,350.00661794399997,21,47.14,0.4454815443360204,0
145964657,"2-(2-bromo-4,5-dimethoxy-phenyl)-5,6-dimethyl-1H-benzimidazole",CC1=CC2=C(C=C1C)N=C(N2)C3=CC(=C(C=C3Br)OC)OC,C17H17BrN2O2,3,1,3,4.626440000000003,360.04733988399994,22,47.14,0.4666949512091642,0
12270889,"4,7-dimethyl-2-phenyl-1H-benzimidazole",CC1=C2C(=C(C=C1)C)N=C(N2)C3=CC=CC=C3,C15H14N2,1,1,1,3.8467400000000023,222.115698448,17,28.68,0.592747559274756,0
44377155,2-(6-chloro-2-pyridyl)-1H-benzimidazole,C1=CC=C2C(=C1)NC(=N2)C3=NC(=CC=C3)Cl,C12H8ClN3,2,1,1,3.2783000000000007,229.040674936,16,41.57,0.38489295164782295,0
5430,4-(1H-benzimidazol-2-yl)thiazole,C1=CC=C2C(=C1)NC(=N2)C3=CSC=N3,C10H7N3S,3,1,1,2.686400000000001,201.036068224,14,41.57,0.33678133269184507,0
164576218,6-bromo-2-[1-(2-chloroethyl)-5-nitro-imidazol-2-yl]-1H-benzimidazole,C1=CC2=C(C=C1Br)NC(=N2)C3=NC=C(N3CCCl)[N+](=O)[O-],C12H9BrClN5O2,5,1,4,3.3359000000000014,368.962814308,21,89.64,0.23427041499330656,0
14145037,6-chloro-2-(4-ethoxyphenyl)-1H-benzimidazole,CCOC1=CC=C(C=C1)C2=NC3=C(N2)C=C(C=C3)Cl,C15H13ClN2O,2,1,3,4.282000000000002,272.07164071600005,19,37.91,0.5011870218939595,0
4449684,6-fluoro-2-phenyl-1H-benzimidazole,C1=CC=C(C=C1)C2=NC3=C(N2)C=C(C=C3)F,C13H9FN2,1,1,1,3.3690000000000015,212.074976508,16,28.68,0.5578800557880056,0
12605815,"1,3-dimethyl-2-(6-methyl-2-pyridyl)benzimidazol-3-ium",CC1=NC(=CC=C1)C2=[N+](C3=CC=CC=C3N2C)C,C15H16N3+,2,0,1,2.3732200000000008,238.13387393208998,18,21.7,0.8294930875576038,0
54056180,4-(1H-benzimidazol-2-yl)oxadiazole,C1=CC=C2C(=C1)NC(=N2)C3=CON=N3,C9H6N4O,4,1,1,1.6128999999999996,186.054160812,14,67.6,0.20710059171597636,0
71783821,6-methyl-2-(1-methylsulfonylazetidin-3-yl)-1H-benzimidazole,CC1=CC2=C(C=C1)N=C(N2)C3CN(C3)S(=O)(=O)C,C12H15N3O2S,3,1,2,1.2301199999999997,265.08849772,18,66.06,0.2724795640326975,0
13004857,6-chloro-2-(5-chloro-2-thienyl)-1H-benzimidazole,C1=CC2=C(C=C1Cl)NC(=N2)C3=CC=C(S3)Cl,C11H6Cl2N2S,2,1,1,4.598200000000001,267.96287455199996,16,28.68,0.5578800557880056,0
59515637,2-(2-chloro-5-nitro-phenyl)-3H-benzimidazole-5-carbonitrile,C1=CC2=C(C=C1C#N)NC(=N2)C3=C(C=CC(=C3)[N+](=O)[O-])Cl,C14H7ClN4O2,4,1,2,3.6631800000000014,298.025753144,21,95.61,0.21964229683087544,0
130273414,"1-(1H-benzimidazol-2-yl)-2,3-dimethyl-pyridin-4-one",CC1=C(N(C=CC1=O)C2=NC3=CC=CC=C3N2)C,C14H13N3O,3,1,1,2.3306400000000007,239.105862036,18,50.68,0.35516969218626676,0
135391757,N-(3-methoxyphenyl)-2-(5-nitro-2-furyl)-3H-benzimidazole-5-carboxamide,COC1=CC=CC(=C1)NC(=O)C2=CC3=C(C=C2)N=C(N3)C4=CC=C(O4)[N+](=O)[O-],C19H14N4O5,6,2,5,3.9920000000000027,378.0964195479999,28,123.28999999999999,0.2271068213155974,0
86819429,2-(6-methoxy-2-pyridyl)-3H-benzimidazole-5-carbonitrile,COC1=CC=CC(=N1)C2=NC3=C(N2)C=C(C=C3)C#N,C14H10N4O,4,1,2,2.50518,250.08546094,19,74.59,0.25472583456227377,0
102300714,6-(1-butyl-6-methyl-benzimidazol-2-yl)pyridine-2-carbaldehyde,CCCCN1C2=C(C=CC(=C2)C)N=C1C3=CC=CC(=N3)C=O,C18H19N3O,4,0,5,4.019320000000003,293.152812228,22,47.78,0.46044370029300963,0
49805441,4-ethoxy-2-(2-pyridyl)-1H-benzimidazole,CCOC1=CC=CC2=C1N=C(N2)C3=CC=CC=N3,C14H13N3O,3,1,3,3.0236,239.105862036,18,50.8,0.35433070866141736,0
17993508,2-imidazol-1-yl-1H-benzimidazole,C1=CC=C2C(=C1)NC(=N2)N3C=CN=C3,C10H8N4,3,1,1,1.7485999999999997,184.074896256,14,46.5,0.3010752688172043,0
388065,2-tetrahydropyran-2-yl-1H-benzimidazole,C1CCOC(C1)C2=NC3=CC=CC=C3N2,C12H14N2O,2,1,1,2.804500000000001,202.110613068,15,37.91,0.3956739646531259,0
14265330,5-(6-fluoro-1H-benzimidazol-2-yl)furan-2-carbaldehyde,C1=CC2=C(C=C1F)NC(=N2)C3=CC=C(O3)C=O,C12H7FN2O2,3,1,2,2.7745000000000006,230.049155684,17,58.89,0.2886737986075734,0
13004843,6-bromo-2-(5-bromo-2-furyl)-1H-benzimidazole,C1=CC2=C(C=C1Br)NC(=N2)C3=CC=C(O3)Br,C11H6Br2N2O,2,1,1,4.347900000000001,339.88468701200003,16,41.82,0.3825920612147298,0
38441,"2-(3,5-dimethylpyrazol-1-yl)-1H-benzimidazole",CC1=CC(=NN1C2=NC3=CC=CC=C3N2)C,C12H12N4,3,1,1,2.3654400000000004,212.106196384,16,46.5,0.34408602150537637,0
806167,1-methyl-2-(5-methyl-2-furyl)benzimidazole,CC1=CC=C(O1)C2=NC3=CC=CC=C3N2C,C13H12N2O,3,0,1,3.141720000000001,212.094963004,16,30.96,0.5167958656330749,0
164576215,2-[1-(2-chloroethyl)-5-nitro-imidazol-2-yl]-6-fluoro-1H-benzimidazole,C1=CC2=C(C=C1F)NC(=N2)C3=NC=C(N3CCCl)[N+](=O)[O-],C12H9ClFN5O2,5,1,4,2.7125000000000012,309.042880428,21,89.64,0.23427041499330656,0
135391842,2-(5-nitro-2-furyl)-N-[3-(trifluoromethyl)phenyl]-3H-benzimidazole-5-carboxamide,C1=CC(=CC(=C1)NC(=O)C2=CC3=C(C=C2)N=C(N3)C4=CC=C(O4)[N+](=O)[O-])C(F)(F)F,C19H11F3N4O4,5,2,4,5.002200000000002,416.07323949199997,30,114.06,0.2630194634402946,1
53326375,"2-(5-nitro-2-furyl)-N'-(3,4,5-trimethoxybenzoyl)-3H-benzimidazole-5-carbohydrazide",COC1=CC(=CC(=C1OC)OC)C(=O)NNC(=O)C2=CC3=C(C=C2)N=C(N3)C4=CC=C(O4)[N+](=O)[O-],C22H19N5O8,9,3,7,2.8317000000000005,481.123362568,35,170.85000000000002,0.20485806262803627,0
13004825,2-(5-ethyl-2-furyl)-1H-benzimidazole,CCC1=CC=C(O1)C2=NC3=CC=CC=C3N2,C13H12N2O,2,1,2,3.385300000000001,212.094963004,16,41.82,0.3825920612147298,0
30244694,5-(1-methylbenzimidazol-2-yl)furan-2-sulfonamide,CN1C2=CC=CC=C2N=C1C3=CC=C(O3)S(=O)(=O)N,C12H11N3O3S,5,1,2,1.4807000000000001,277.05211221200005,19,91.11999999999999,0.20851624231782268,0
650450,2-(4-chloro-1-methyl-pyrazol-3-yl)-1H-benzimidazole,CN1C=C(C(=N1)C2=NC3=CC=CC=C3N2)Cl,C11H9ClN4,3,1,1,2.6168000000000005,232.05157396799999,16,46.5,0.34408602150537637,0
60646537,2-(3-fluorophenyl)-4-methyl-1H-benzimidazole,CC1=C2C(=CC=C1)NC(=N2)C3=CC(=CC=C3)F,C14H11FN2,1,1,1,3.6774200000000015,226.090626572,17,28.68,0.592747559274756,0
13004853,2-(5-chloro-2-thienyl)-6-fluoro-1H-benzimidazole,C1=CC2=C(C=C1F)NC(=N2)C3=CC=C(S3)Cl,C11H6ClFN2S,2,1,1,4.083900000000001,251.992425092,16,28.68,0.5578800557880056,0
135580435,1-[(E)-1-(1H-benzimidazol-2-yl)ethylideneamino]-3-hydroxy-urea,CC(=NNC(=O)NO)C1=NC2=CC=CC=C2N1,C10H11N5O2,4,4,2,0.9753000000000001,233.091274592,17,102.4,0.166015625,0
10445264,6-methoxy-2-(5-nitro-2-furyl)-1H-benzimidazole,COC1=CC2=C(C=C1)N=C(N2)C3=CC=C(O3)[N+](=O)[O-],C12H9N3O4,5,1,3,2.739700000000001,259.059305768,19,94.19,0.20171992780549952,0
4073119,"4-(5,6-dichloro-1H-benzimidazol-2-yl)benzoic acid",C1=CC(=CC=C1C2=NC3=CC(=C(C=C3N2)Cl)Cl)C(=O)O,C14H8Cl2N2O2,2,2,2,4.234900000000001,305.99628285599994,20,65.98,0.30312215822976657,0
64724525,2-(5-bromo-2-pyridyl)-6-chloro-1H-benzimidazole,C1=CC2=C(C=C1Cl)NC(=N2)C3=NC=C(C=C3)Br,C12H7BrClN3,2,1,1,4.040800000000001,306.951187004,17,41.57,0.40894876112581185,0
63399389,"2-(2,3-dichlorophenyl)-6-methyl-1H-benzimidazole",CC1=CC2=C(C=C1)N=C(N2)C3=C(C(=CC=C3)Cl)Cl,C14H10Cl2N2,1,1,1,4.845120000000001,276.02210368,18,28.68,0.6276150627615062,0
164576216,6-chloro-2-[1-(2-chloroethyl)-5-nitro-imidazol-2-yl]-1H-benzimidazole,C1=CC2=C(C=C1Cl)NC(=N2)C3=NC=C(N3CCCl)[N+](=O)[O-],C12H9Cl2N5O2,5,1,4,3.2268000000000017,325.013329888,21,89.64,0.23427041499330656,0
24212893,2-(5-chloro-2-furyl)-3H-benzimidazol-5-amine,C1=CC2=C(C=C1N)NC(=N2)C3=CC=C(O3)Cl,C11H8ClN3O,3,2,1,3.0585000000000004,233.035589556,16,67.84,0.23584905660377356,0
12605801,"2-(1,2-dimethylpyridin-1-ium-4-yl)-1H-benzimidazole",CC1=[N+](C=CC(=C1)C2=NC3=CC=CC=C3N2)C,C14H14N3+,1,1,1,2.36282,224.11822386808998,17,32.56,0.5221130221130221,0
85662837,6-(1H-benzimidazol-2-yl)pyridine-2-carboxylic acid,C1=CC=C2C(=C1)NC(=N2)C3=NC(=CC=C3)C(=O)O,C13H9N3O2,3,2,2,2.3230999999999997,239.069476528,18,78.87,0.22822365918600226,0
56873506,"2-(6-chloro-1,3-benzodioxol-5-yl)-4-methyl-1H-benzimidazole",CC1=C2C(=CC=C1)NC(=N2)C3=CC4=C(C=C3Cl)OCO4,C15H11ClN2O2,3,1,1,3.920420000000002,286.050905272,20,47.14,0.42426813746287656,0
53321121,N'-(3-hydroxynaphthalene-2-carbonyl)-2-(5-nitro-2-furyl)-3H-benzimidazole-5-carbohydrazide,C1=CC=C2C=C(C(=CC2=C1)C(=O)NNC(=O)C3=CC4=C(C=C3)N=C(N4)C5=CC=C(O5)[N+](=O)[O-])O,C23H15N5O6,7,4,4,3.664700000000002,457.1022332,34,163.39,0.20809107044494768,0
44587902,"2-(3,4-dimethoxyphenyl)-6-fluoro-1H-benzimidazole",COC1=C(C=C(C=C1)C2=NC3=C(N2)C=C(C=C3)F)OC,C15H13FN2O2,3,1,3,3.3862000000000014,272.096105876,20,47.14,0.42426813746287656,0
20807233,2-(1H-benzimidazol-2-yl)oxazole,C1=CC=C2C(=C1)NC(=N2)C3=NC=CO3,C10H7N3O,3,1,1,2.2179,185.058911844,14,54.71,0.2558947176019009,0
82946881,"2-(3,5-dimethylphenyl)-4,6-dimethyl-1H-benzimidazole",CC1=CC(=CC(=C1)C2=NC3=C(C=C(C=C3N2)C)C)C,C17H18N2,1,1,1,4.463580000000003,250.146998576,19,28.68,0.6624825662482566,0
13004833,2-(5-ethyl-2-furyl)-6-fluoro-1H-benzimidazole,CCC1=CC=C(O1)C2=NC3=C(N2)C=C(C=C3)F,C13H11FN2O,2,1,2,3.5244000000000018,230.085541192,17,41.82,0.4065040650406504,0
136436592,"(4S)-2-(6-hydroxy-1-methyl-benzimidazol-2-yl)-4,5-dihydrothiazole-4-carboxylic acid",CN1C2=C(C=CC(=C2)O)N=C1C3=NC(CS3)C(=O)O,C12H11N3O3S,6,2,2,1.2254999999999998,277.052112212,19,87.71,0.21662296203397563,0
60646302,6-chloro-2-(3-methoxyphenyl)-1H-benzimidazole,COC1=CC=CC(=C1)C2=NC3=C(N2)C=C(C=C3)Cl,C14H11ClN2O,2,1,2,3.8919000000000015,258.055990652,18,37.91,0.474808757583751,0
784980,3-(1H-benzimidazol-2-yl)-1H-pyridazin-6-one,C1=CC=C2C(=C1)NC(=N2)C3=NNC(=O)C=C3,C11H8N4O,3,2,1,1.3131999999999997,212.069810876,16,74.43,0.2149670831653903,0
135391800,N-(3-chloro-4-methoxy-phenyl)-2-(5-nitro-2-furyl)-3H-benzimidazole-5-carboxamide,COC1=C(C=C(C=C1)NC(=O)C2=CC3=C(C=C2)N=C(N3)C4=CC=C(O4)[N+](=O)[O-])Cl,C19H13ClN4O5,6,2,5,4.645400000000002,412.05744719599994,29,123.28999999999999,0.23521777921972586,0
3051110,2-(6-ethyl-2-pyridyl)-6-methoxy-1H-benzimidazole,CCC1=NC(=CC=C1)C2=NC3=C(N2)C=C(C=C3)OC,C15H15N3O,3,1,3,3.195900000000001,253.1215121,19,50.8,0.37401574803149606,0
4915208,"3-(5,6-dichloro-1H-benzimidazol-2-yl)benzoic acid",C1=CC(=CC(=C1)C(=O)O)C2=NC3=CC(=C(C=C3N2)Cl)Cl,C14H8Cl2N2O2,2,2,2,4.2349000000000006,305.996282856,20,65.97999999999999,0.3031221582297666,0
19224720,2-(3-ethoxy-4-methoxy-phenyl)-6-methyl-1H-benzimidazole,CCOC1=C(C=CC(=C1)C2=NC3=C(N2)C=C(C=C3)C)OC,C17H18N2O2,3,1,4,3.9456200000000026,282.136827816,21,47.14,0.4454815443360204,0
1088924,2-(5-methyl-2-furyl)-6-nitro-1H-benzimidazole,CC1=CC=C(O1)C2=NC3=C(N2)C=C(C=C3)[N+](=O)[O-],C12H9N3O3,4,1,2,3.0395200000000013,243.064391148,18,84.96,0.21186440677966104,0
3065147,5-[6-(trifluoromethyl)-1H-benzimidazol-2-yl]furan-2-carbaldehyde,C1=CC2=C(C=C1C(F)(F)F)NC(=N2)C3=CC=C(O3)C=O,C13H7F3N2O2,3,1,2,3.6542000000000012,280.04596212399997,20,58.89,0.33961623365596877,0
13004842,6-bromo-2-(5-chloro-2-furyl)-1H-benzimidazole,C1=CC2=C(C=C1Br)NC(=N2)C3=CC=C(O3)Cl,C11H6BrClN2O,2,1,1,4.238800000000001,295.935202592,16,41.82,0.3825920612147298,0
135463022,2-(1H-benzimidazol-2-yl)-4-methoxy-phenol,COC1=CC(=C(C=C1)O)C2=NC3=CC=CC=C3N2,C14H12N2O2,3,2,2,2.9441000000000006,240.089877624,18,58.14,0.30959752321981426,0
24017613,"6-methyl-2-(2,3,4-trimethoxyphenyl)-1H-benzimidazole",CC1=CC2=C(C=C1)N=C(N2)C3=C(C(=C(C=C3)OC)OC)OC,C17H18N2O3,4,1,4,3.5641200000000017,298.13174243599997,22,56.370000000000005,0.39027851694163557,0
975885,5-(1H-benzimidazol-2-yl)thiazole,C1=CC=C2C(=C1)NC(=N2)C3=CN=CS3,C10H7N3S,3,1,1,2.6864,201.036068224,14,41.57,0.33678133269184507,0
129757564,"1,7-dimethyl-2-(5-nitro-2-furyl)-7H-imidazo[4,5-e]benzimidazole",CC1N=C2C=CC3=C(C2=N1)N(C(=N3)C4=CC=C(O4)[N+](=O)[O-])C,C14H11N5O3,7,0,2,1.3403,297.08618921199997,22,98.82,0.22262699858328275,0
58156074,1-(5-fluoro-4-methyl-1H-benzimidazol-2-yl)pyrazole-4-carboxylic acid,CC1=C(C=CC2=C1N=C(N2)N3C=C(C=N3)C(=O)O)F,C12H9FN4O2,4,2,2,1.89432,260.070953748,19,83.8,0.22673031026252985,0
58156091,"1-(4-bromo-5,6-dichloro-1H-benzimidazol-2-yl)pyrazole-4-carboxylic acid",C1=C2C(=C(C(=C1Cl)Cl)Br)N=C(N2)N3C=C(C=N3)C(=O)O,C11H5BrCl2N4O2,4,2,2,3.5161000000000007,373.89729286000005,20,83.8,0.23866348448687352,0
44376966,2-(6-ethyl-2-pyridyl)-6-methyl-1H-benzimidazole,CCC1=NC(=CC=C1)C2=NC3=C(N2)C=C(C=C3)C,C15H15N3,2,1,2,3.4957200000000013,237.12659748,18,41.57,0.4330045706038008,0
145975743,[4-(6-chloro-1H-benzimidazol-2-yl)-2-methoxy-phenyl] acetate,CC(=O)OC1=C(C=C(C=C1)C2=NC3=C(N2)C=C(C=C3)Cl)OC,C16H13ClN2O3,4,1,3,3.8172000000000024,316.061469956,22,64.21,0.3426257592275347,0
136661658,"2-(4,6-dichloro-1H-benzimidazol-2-yl)-4-methoxy-phenol",COC1=CC(=C(C=C1)O)C2=NC3=C(N2)C=C(C=C3Cl)Cl,C14H10Cl2N2O2,3,2,2,4.2509000000000015,308.01193292,20,58.14,0.3439972480220158,0
22096868,2-(5-nitro-2-furyl)-3H-benzimidazole-5-carboxylic acid,C1=CC2=C(C=C1C(=O)O)NC(=N2)C3=CC=C(O3)[N+](=O)[O-],C12H7N3O5,5,2,3,2.4293000000000005,273.03857032400003,20,122.25999999999999,0.1635858007524947,0
12798434,5-(1-methylbenzimidazol-2-yl)furan-2-carboxylic acid,CN1C2=CC=CC=C2N=C1C3=CC=C(O3)C(=O)O,C13H10N2O3,4,1,2,2.5314999999999994,242.06914218,18,68.26,0.2636976267213595,0
68519685,methyl 6-(1H-benzimidazol-2-yl)pyridine-2-carboxylate,COC(=O)C1=CC=CC(=N1)C2=NC3=CC=CC=C3N2,C14H11N3O2,4,1,2,2.4115,253.085126592,19,67.87,0.2799469574185944,0
19756,2-(2-furyl)-1H-benzimidazole,C1=CC=C2C(=C1)NC(=N2)C3=CC=CO3,C11H8N2O,2,1,1,2.8229000000000006,184.063662876,14,41.82,0.3347680535628886,0
96733,2-(6-methyl-2-pyridyl)-1H-benzimidazole,CC1=NC(=CC=C1)C2=NC3=CC=CC=C3N2,C13H11N3,2,1,1,2.933320000000001,209.095297352,16,41.57,0.38489295164782295,0
